Cuenta,Nombre_Cuenta,Ano,Mes,Tiempo,Semestre,Trimestre,Activa,Reactiva,Relacion,Cumple,Cumple_bin,Pago,Temperatura,Vacaciones,Excedente
167382131,Central_1,2022,1,1,1,1,7680,1280,0.16666666666666666,Sí,1,5533810,27.9550595238095,1,0
167382131,Central_1,2022,2,2,1,1,13760,1600,0.11627906976744186,Sí,1,9841440,27.5989211309524,0,0
167382131,Central_1,2022,3,3,1,1,11360,1600,0.14084507042253522,Sí,1,8274920,27.2953293010752,0,0
167382131,Central_1,2022,4,4,1,2,18720,3040,0.1623931623931624,Sí,1,13767380,27.4437847222222,0,0
167382131,Central_1,2022,5,5,1,2,22720,3680,0.1619718309859155,Sí,1,17120310,27.4693548387097,0,0
167382131,Central_1,2022,6,6,1,2,21120,4000,0.1893939393939394,Sí,1,15640170,26.9806597222222,1,0
167382131,Central_1,2022,7,7,2,3,20000,3840,0.192,Sí,1,15536470,27.4723118279569,1,0
167382131,Central_1,2022,8,8,2,3,22080,2880,0.13043478260869565,Sí,1,17383210,28.766061827957,0,0
167382131,Central_1,2022,9,9,2,3,26080,3200,0.12269938650306748,Sí,1,21135610,28.1711458333334,0,0
167382131,Central_1,2022,10,10,2,4,26720,4000,0.1497005988023952,Sí,1,22303680,27.3299059139785,0,0
167382131,Central_1,2022,11,11,2,4,28000,4000,0.14285714285714285,Sí,1,23522590,26.8700694444445,0,0
167382131,Central_1,2022,12,12,2,4,22720,3680,0.1619718309859155,Sí,1,18955680,27.2946908602151,1,0
167382131,Central_1,2023,1,13,1,1,12480,2400,0.19230769230769232,Sí,1,10411770,26.8767809139784,1,0
167382131,Central_1,2023,2,14,1,1,27200,3840,0.1411764705882353,Sí,1,23147920,28.8405133928571,0,0
167382131,Central_1,2023,3,15,1,1,34080,3680,0.107981220657277,Sí,1,29519230,27.2683467741935,0,0
167382131,Central_1,2023,4,16,1,2,26240,3040,0.11585365853658537,Sí,1,23114390,27.4665972222222,0,0
167382131,Central_1,2023,5,17,1,2,35840,4480,0.125,Sí,1,31748020,28.4166666666666,0,0
167382131,Central_1,2023,6,18,1,2,21120,1760,0.08333333333333333,Sí,1,18971800,28.9079861111111,1,0
167382131,Central_1,2023,7,19,2,3,18240,800,0.043859649122807015,Sí,1,16301090,29.0793346774194,1,0
167382131,Central_1,2023,8,20,2,3,32640,3840,0.11764705882352941,Sí,1,29503300,30.53625672043,0,0
167382131,Central_1,2023,9,21,2,3,41600,4480,0.1076923076923077,Sí,1,37790470,31.2740624999999,0,0
167382131,Central_1,2023,10,22,2,4,39680,4320,0.10887096774193548,Sí,1,36338870,30.6813508064518,0,0
167382131,Central_1,2023,11,23,2,4,33280,4000,0.1201923076923077,Sí,1,31615030,28.8109027777778,0,0
167382131,Central_1,2023,12,24,2,4,19520,2240,0.11475409836065574,Sí,1,20091360,28.8266465053764,1,0
167382131,Central_1,2024,1,25,1,1,18560,3680,0.19827586206896552,Sí,1,19742650,30.0812900641025,1,0
167382131,Central_1,2024,2,26,1,1,35360,4320,0.12217194570135746,Sí,1,37549090,30.1744252873562,0,0
167382131,Central_1,2024,3,27,1,1,34080,4160,0.12206572769953052,Sí,1,35691850,30.6373655913979,0,0
167382131,Central_1,2024,4,28,1,2,33760,4000,0.11848341232227488,Sí,1,35926700,29.3636458333333,0,0
167382131,Central_1,2024,5,29,1,2,32000,4480,0.14,Sí,1,34499610,28.5051411290322,0,0
167382131,Central_1,2024,6,30,1,2,15840,2880,0.18181818181818182,Sí,1,17053920,28.4969791666667,1,0
167382131,Central_1,2024,7,31,2,3,11520,2400,0.20833333333333334,Sí,1,12300520,29.0219791666667,1,0
167382131,Central_1,2024,8,32,2,3,29440,4160,0.14130434782608695,Sí,1,32594160,29.9840389784946,0,0
167382131,Central_1,2024,9,33,2,3,37920,4480,0.11814345991561181,Sí,1,41997250,31.5828663793105,0,0
167382131,Central_1,2024,10,34,2,4,32640,4320,0.1323529411764706,Sí,1,34988960,29.8887768817204,0,0
167382131,Central_1,2024,11,35,2,4,31360,4480,0.14285714285714285,Sí,1,33244590,27.575,0,0
167382131,Central_1,2024,12,36,2,4,19520,2880,0.14754098360655737,Sí,1,20715210,27.8675067204301,1,0
167382131,Central_1,2025,1,37,1,1,15520,2400,0.15463917525773196,Sí,1,16947570,28.4809475806451,1,0
167382131,Central_1,2025,2,38,1,1,25920,2880,0.1111111111111111,Sí,1,28752600,28.0261904761904,0,0
167382131,Central_1,2025,3,39,1,1,28320,3680,0.12994350282485875,Sí,1,29373160,27.3907930107528,0,0
167382131,Central_1,2025,4,40,1,2,24800,3200,0.12903225806451613,Sí,1,26808020,27.6582175925927,0,0
167382131,Central_1,2025,5,41,1,2,28800,3520,0.12222222222222222,Sí,1,31530660,27.4926523297491,0,0
167382131,Central_1,2025,6,42,1,2,19680,2560,0.13008130081300814,Sí,1,21864920,27.6680555555555,1,0
167382131,Central_1,2025,7,43,2,3,16320,2400,0.14705882352941177,Sí,1,18876400,28.7328853046594,1,0
167382131,Central_1,2025,8,44,2,3,27520,3040,0.11046511627906977,Sí,1,29706150,28.9784050179211,0,0
167383918,Central_4,2022,1,1,1,1,7320,1920,0.26229508196721313,Sí,1,5289370,27.9550595238095,1,0
167383918,Central_4,2022,2,2,1,1,14880,3480,0.23387096774193547,Sí,1,10744210,27.5989211309524,0,0
167383918,Central_4,2022,3,3,1,1,12360,2760,0.22330097087378642,Sí,1,9003350,27.2953293010752,0,0
167383918,Central_4,2022,4,4,1,2,19560,4320,0.22085889570552147,Sí,1,14385510,27.4437847222222,0,0
167383918,Central_4,2022,5,5,1,2,22320,5040,0.22580645161290322,Sí,1,16819150,27.4693548387097,0,0
167383918,Central_4,2022,6,6,1,2,18120,4080,0.2251655629139073,Sí,1,13428820,26.9806597222222,1,0
167383918,Central_4,2022,7,7,2,3,16560,3720,0.2246376811594203,Sí,1,12864200,27.4723118279569,1,0
167383918,Central_4,2022,8,8,2,3,13800,2760,0.2,Sí,1,10869610,28.766061827957,0,0
167383918,Central_4,2022,9,9,2,3,23640,4920,0.20812182741116753,Sí,1,19056010,28.1711458333334,0,0
167383918,Central_4,2022,10,10,2,4,24240,5520,0.22772277227722773,Sí,1,20233480,27.3299059139785,0,0
167383918,Central_4,2022,11,11,2,4,25560,6000,0.2347417840375587,Sí,1,21371710,26.8700694444445,0,0
167383918,Central_4,2022,12,12,2,4,19920,4800,0.24096385542168675,Sí,1,16619800,27.2946908602151,1,0
167383918,Central_4,2023,1,13,1,1,7080,1200,0.1694915254237288,Sí,1,6028910,26.8767809139784,1,0
167383918,Central_4,2023,2,14,1,1,25320,5640,0.22274881516587677,Sí,1,21478100,28.8405133928571,0,0
167383918,Central_4,2023,3,15,1,1,31200,7080,0.22692307692307692,Sí,1,26889960,27.2683467741935,0,0
167383918,Central_4,2023,4,16,1,2,21360,4680,0.21910112359550563,Sí,1,18689220,27.4665972222222,0,0
167383918,Central_4,2023,5,17,1,2,30360,6240,0.20553359683794467,Sí,1,26587190,28.4166666666666,0,0
167383918,Central_4,2023,6,18,1,2,12960,2160,0.16666666666666666,Sí,1,11645190,28.9079861111111,1,0
167383918,Central_4,2023,7,19,2,3,10080,1440,0.14285714285714285,Sí,1,8577210,29.0793346774194,1,0
167383918,Central_4,2023,8,20,2,3,30360,5400,0.17786561264822134,Sí,1,27331770,30.53625672043,0,0
167383918,Central_4,2023,9,21,2,3,36120,6480,0.17940199335548174,Sí,1,32744240,31.2740624999999,0,0
167383918,Central_4,2023,10,22,2,4,29400,4800,0.16326530612244897,Sí,1,26828980,30.6813508064518,0,0
167383918,Central_4,2023,11,23,2,4,24840,4800,0.1932367149758454,Sí,1,23595770,28.8109027777778,0,0
167383918,Central_4,2023,12,24,2,4,10560,1680,0.1590909090909091,Sí,1,10880450,28.8266465053764,1,0
167383918,Central_4,2024,1,25,1,1,10440,1440,0.13793103448275862,Sí,1,11104360,30.0812900641025,1,0
167383918,Central_4,2024,2,26,1,1,30240,4560,0.15079365079365079,Sí,1,32107880,30.1744252873562,0,0
167383918,Central_4,2024,3,27,1,1,30600,4800,0.1568627450980392,Sí,1,32041600,30.6373655913979,0,0
167383918,Central_4,2024,5,28,1,2,34920,5520,0.15807560137457044,Sí,1,23416610,28.5051411290322,0,0
167383918,Central_4,2024,6,29,1,2,17160,2040,0.11888111888111888,Sí,1,22840900,28.4969791666667,1,0
167383918,Central_4,2024,7,30,2,3,13200,1320,0.1,Sí,1,14094340,29.0219791666667,1,0
167383918,Central_4,2024,8,31,2,3,26400,4200,0.1590909090909091,Sí,1,30171270,29.9840389784946,0,0
167383918,Central_4,2024,9,32,2,3,36720,5880,0.16013071895424835,Sí,1,40839080,31.5828663793105,0,0
167383918,Central_4,2024,10,33,2,4,29760,4080,0.13709677419354838,Sí,1,31907140,29.8887768817204,0,0
167383918,Central_4,2024,11,34,2,4,30240,4560,0.15079365079365079,Sí,1,31547480,27.575,0,0
167383918,Central_4,2024,12,35,2,4,14520,2640,0.18181818181818182,Sí,1,15415070,27.8675067204301,1,0
167383918,Central_4,2025,1,36,1,1,12000,1080,0.09,Sí,1,13102540,28.4809475806451,1,0
167383918,Central_4,2025,2,37,1,1,22680,3600,0.15873015873015872,Sí,1,25157760,28.0261904761904,0,0
167383918,Central_4,2025,3,38,1,1,26520,4080,0.15384615384615385,Sí,1,27661940,27.3907930107528,0,0
167383918,Central_4,2025,4,39,1,2,23520,3720,0.15816326530612246,Sí,1,25448770,27.6582175925927,0,0
167383918,Central_4,2025,5,40,1,2,27480,4080,0.14847161572052403,Sí,1,30253580,27.4926523297491,0,0
167383918,Central_4,2025,6,41,1,2,13920,1920,0.13793103448275862,Sí,1,15472440,27.6680555555555,1,0
167383918,Central_4,2025,7,42,2,3,11280,1080,0.09574468085106383,Sí,1,13046930,28.7328853046594,1,0
167383918,Central_4,2025,8,43,2,3,25320,3480,0.13744075829383887,Sí,1,27331390,28.9784050179211,0,0
167385482,Central_2,2022,1,1,1,1,65140,35317,0.5421707092416334,No,0,44424880,27.9550595238095,1,3724.100000000002
167385482,Central_2,2022,2,2,1,1,82902,43553,0.5253552387155919,No,0,53743460,27.5989211309524,0,3345.529999999999
167385482,Central_2,2022,3,3,1,1,85713,46245,0.539533092996395,No,0,57680470,27.2953293010752,0,4674.195
167385482,Central_2,2022,4,4,1,2,90914,49250,0.5417207470796577,No,0,61863820,27.4437847222222,0,5156.709999999999
167385482,Central_2,2022,5,5,1,2,119784,65221,0.5444884124757897,No,0,84923280,27.4693548387097,0,7125.760000000002
167385482,Central_2,2022,6,6,1,2,87056,50077,0.5752274398088587,No,0,60537310,26.9806597222222,1,7854.840000000004
167385482,Central_2,2022,7,7,2,3,101016,56275,0.5570899659459888,No,0,79997220,27.4723118279569,1,7282.239999999998
167385482,Central_2,2022,8,8,2,3,78811,45475,0.5770133610790372,No,0,58645840,28.766061827957,0,7251.665000000001
167385482,Central_2,2022,9,9,2,3,118592,63830,0.53823192120885055,No,0,77346450,28.1711458333334,0,6312.880000000005
167385482,Central_2,2022,10,10,2,4,104198,58481,0.5612487763680685,No,0,76193190,27.3299059139785,0,7944.970000000001
167385482,Central_2,2022,11,11,2,4,110875,61070,0.5508004509582863,No,0,79542770,26.8700694444445,0,7295.625
167385482,Central_2,2022,12,12,2,4,77267,49090,0.6353294420645295,No,0,56050020,27.2946908602151,1,11615.505000000005
167385482,Central_2,2023,1,13,1,1,58597,41479,0.7078690035326041,No,0,43561690,26.8767809139784,1,13059.455000000002
167385482,Central_2,2023,2,14,1,1,113960,59561,0.5226482976482977,No,0,78955890,28.8405133928571,0,4290.4000000000015
167385482,Central_2,2023,3,15,1,1,123733,65277,0.527563382444457,No,0,90324210,27.2683467741935,0,5266.495000000003
167385482,Central_2,2023,4,16,1,2,100473,54640,0.5438276950026375,No,0,69230010,27.4665972222222,0,5910.595000000001
167385482,Central_2,2023,5,17,1,2,133816,68427,0.5113514079033897,No,0,89559090,28.4166666666666,0,3526.2400000000052
167385482,Central_2,2023,6,18,1,2,70858,41826,0.5902791498489938,No,0,62343130,28.9079861111111,1,7459.870000000003
167385482,Central_2,2023,7,19,2,3,75596,41682,0.5513783798084555,No,0,53179380,29.0793346774194,1,5017.940000000002
167385482,Central_2,2023,8,20,2,3,152443,76955,0.5048116345125719,No,0,104047420,30.53625672043,0,3020.145000000004
167385482,Central_2,2023,9,21,2,3,164751,83935,0.5094657999040977,No,0,107981470,31.2740624999999,0,4030.7649999999994
167385482,Central_2,2023,10,22,2,4,145731,73621,0.5051842092622709,No,0,98492050,30.6813508064518,0,2941.4649999999965
167385482,Central_2,2023,11,23,2,4,133247,66983,0.5026979969530271,No,0,93265300,28.8109027777778,0,2358.2050000000017
167385482,Central_2,2023,12,24,2,4,63732,38225,0.5997771919914643,No,0,47498590,28.8266465053764,1,7314.98
167385482,Central_2,2024,1,25,1,1,75510,43680,0.578466428287644,No,0,53872870,30.0812900641025,1,7057.6500000000015
167385482,Central_2,2024,2,26,1,1,146188,73574,0.503283443237475,No,0,99456450,30.1744252873562,0,2672.820000000007
167385482,Central_2,2024,3,27,1,1,132994,69999,0.5263320149781193,No,0,94698700,30.6373655913979,0,5496.9100000000035
167385482,Central_2,2024,4,28,1,2,149518,75251,0.5032905737101887,No,0,104766740,29.3636458333333,0,2734.770000000004
167385482,Central_2,2024,5,29,1,2,138709,69583,0.501647333626513,No,0,102914280,28.5051411290322,0,2309.1349999999948
167385482,Central_2,2024,6,30,1,2,59956,32450,0.5412302355060378,No,0,45987610,28.4969791666667,1,3371.34
167385482,Central_2,2024,7,31,2,3,79494,43357,0.5454122323697386,No,0,60948960,29.0219791666667,1,4802.4100000000035
167385482,Central_2,2024,8,32,2,3,136540,70171,0.5139226600263659,No,0,96838430,29.9840389784946,0,3949.100000000006
167385482,Central_2,2024,9,33,2,3,159447,80390,0.5041800723751466,No,0,108334710,31.5828663793105,0,3058.2050000000017
167385482,Central_2,2024,10,34,2,4,138631,71141,0.5131680504360496,No,0,96366670,29.8887768817204,0,3904.9649999999965
167385482,Central_2,2024,11,35,2,4,119016,62057,0.5214172884318075,No,0,85896420,27.575,0,4334.239999999998
167385482,Central_2,2024,12,36,2,4,61770,35859,0.5805245264691598,No,0,52199230,27.8675067204301,1,5900.549999999999
167385482,Central_2,2025,1,37,1,1,68375,42625,0.623400365630713,No,0,53110580,28.4809475806451,1,9463.125
167385482,Central_2,2025,2,38,1,1,123614,63175,0.5110667076544728,No,0,94217450,28.0261904761904,0,3222.209999999999
167385482,Central_2,2025,3,39,1,1,118890,60850,0.5118176465640508,No,0,92699280,27.3907930107528,0,3188.3499999999985
167385482,Central_2,2025,4,40,1,2,106458,53607,0.5035506960491462,No,0,86821200,27.6582175925927,0,1974.8700000000026
167385482,Central_2,2025,5,41,1,2,120812,60887,0.5039813925768963,No,0,101802500,27.4926523297491,0,2293.1800000000003
167385482,Central_2,2025,6,42,1,2,54586,1187,0.02174550250980105,Sí,1,42689470,27.6680555555555,1,0
167385482,Central_2,2025,7,43,2,3,75112,861,0.01146288209606987,Sí,1,60532700,28.7328853046594,1,0
167385482,Central_2,2025,8,44,2,3,124040,62065,0.5003627861980007,No,0,95498920,28.9784050179211,0,1905.5999999999985
357154485,Central_5,2022,1,1,1,1,260,100,0.38461538461538464,Sí,1,188690,27.9550595238095,1,0
357154485,Central_5,2022,2,2,1,1,940,580,0.6170212765957447,No,0,698600,27.5989211309524,0,124.10000000000002
357154485,Central_5,2022,3,3,1,1,1180,1100,0.9322033898305084,No,0,947350,27.2953293010752,0,527.7
357154485,Central_5,2022,4,4,1,2,1500,1300,0.8666666666666667,No,0,1203280,27.4437847222222,0,572.5
357154485,Central_5,2022,5,5,1,2,1660,1680,1.0120481927710843,No,0,1413940,27.4693548387097,0,874.9
357154485,Central_5,2022,6,6,1,2,1280,1500,1.171875,No,0,1166200,26.9806597222222,1,879.2
357154485,Central_5,2022,7,7,2,3,1020,1360,1.3333333333333333,No,0,973190,27.4723118279569,1,865.3
357154485,Central_5,2022,8,8,2,3,840,1360,1.619047619047619,No,0,871950,28.766061827957,0,952.6
357154485,Central_5,2022,9,9,2,3,1180,2660,2.2542372881355934,No,0,1431330,28.1711458333334,0,2087.7
357154485,Central_5,2022,10,10,2,4,1060,1740,1.6415094339622642,No,0,1173180,27.3299059139785,0,1225.9
357154485,Central_5,2022,11,11,2,4,860,1900,2.2093023255813953,No,0,1082140,26.8700694444445,0,1482.9
357154485,Central_5,2022,12,12,2,4,780,1080,1.3846153846153846,No,0,822980,27.2946908602151,1,701.7
357154485,Central_5,2023,1,13,1,1,320,700,2.1875,No,0,397320,26.8767809139784,1,544.8
357154485,Central_5,2023,2,14,1,1,820,1240,1.5121951219512195,No,0,881880,28.8405133928571,0,842.3
357154485,Central_5,2023,3,15,1,1,1000,1620,1.62,No,0,1118710,27.2683467741935,0,1135
357154485,Central_5,2023,4,16,1,2,660,1220,1.8484848484848484,No,0,798830,27.4665972222222,0,899.9000000000001
357154485,Central_5,2023,5,17,1,2,760,1720,2.263157894736842,No,0,999230,28.4166666666666,0,1351.4
357154485,Central_5,2023,6,18,1,2,460,1900,4.130434782608695,No,0,798940,28.9079861111111,1,1676.9
357154485,Central_5,2023,7,19,2,3,140,320,2.2857142857142856,No,0,185290,29.0793346774194,1,252.10000000000002
357154485,Central_5,2023,8,20,2,3,900,6340,7.044444444444444,No,0,2222510,30.53625672043,0,5903.5
357154485,Central_5,2023,9,21,2,3,560,1660,2.9642857142857144,No,0,831720,31.2740624999999,0,1388.4
357154485,Central_5,2023,10,22,2,4,280,340,1.2142857142857142,No,0,303520,30.6813508064518,0,204.20000000000002
357154485,Central_5,2023,11,23,2,4,520,40,0.07692307692307693,Sí,1,490300,28.8109027777778,0,0
357154485,Central_5,2023,12,24,2,4,380,0,0,Sí,1,390770,28.8266465053764,1,0
357154485,Central_5,2024,1,25,1,1,260,0,0,Sí,1,276790,30.0812900641025,1,0
357154485,Central_5,2024,2,26,1,1,1140,40,0.03508771929824561,Sí,1,1210310,30.1744252873562,0,0
357154485,Central_5,2024,3,27,1,1,1260,60,0.047619047619047616,Sí,1,1319310,30.6373655913979,0,0
357154485,Central_5,2024,4,28,1,2,1360,80,0.058823529411764705,Sí,1,1447060,29.3636458333333,0,0
357154485,Central_5,2024,5,29,1,2,1020,60,0.058823529411764705,Sí,1,1038610,28.5051411290322,0,0
357154485,Central_5,2024,6,30,1,2,860,20,0.023255813953488372,Sí,1,860730,28.4969791666667,1,0
357154485,Central_5,2024,7,31,2,3,740,100,0.13513513513513514,Sí,1,790140,29.0219791666667,1,0
357154485,Central_5,2024,8,32,2,3,1420,240,0.16901408450704225,Sí,1,1572250,29.9840389784946,0,0
357154485,Central_5,2024,9,33,2,3,1640,240,0.14634146341463414,Sí,1,1824150,31.5828663793105,0,0
357154485,Central_5,2024,10,34,2,4,1380,60,0.043478260869565216,Sí,1,1479310,29.8887768817204,0,0
357154485,Central_5,2024,11,35,2,4,1380,80,0.057971014492753624,Sí,1,1462890,27.575,0,0
357154485,Central_5,2024,12,36,2,4,340,0,0,Sí,1,360950,27.8675067204301,1,0
357154485,Central_5,2025,1,37,1,1,40,0,0,Sí,1,44310,28.4809475806451,1,0
357154485,Central_5,2025,2,38,1,1,900,80,0.08888888888888889,Sí,1,998120,28.0261904761904,0,0
357154485,Central_5,2025,3,39,1,1,1180,120,0.1016949152542373,Sí,1,1230780,27.3907930107528,0,0
357154485,Central_5,2025,4,40,1,2,1100,80,0.07272727272727272,Sí,1,1190150,27.6582175925927,0,0
357154485,Central_5,2025,5,41,1,2,1520,120,0.07894736842105263,Sí,1,1673420,27.4926523297491,0,0
357154485,Central_5,2025,6,42,1,2,600,20,0.03333333333333333,Sí,1,667240,27.6680555555555,1,0
357154485,Central_5,2025,7,43,2,3,420,0,0,Sí,1,416580,28.7328853046594,1,0
357154485,Central_5,2025,8,44,2,3,960,120,0.125,Sí,1,1036260,28.9784050179211,0,0
847747377,Central_3,2023,6,1,1,2,983,891,0.9064089521871821,No,0,1067600,28.9079861111111,1,414.245
847747377,Central_3,2023,8,2,2,3,1657,3300,1.991550995775498,No,0,2866030,30.53625672043,0,2496.355
847747377,Central_3,2023,10,3,2,4,323,521,1.6130030959752322,No,0,501670,30.6813508064518,0,364.345
847747377,Central_3,2023,11,4,2,4,2317,4099,1.76909797151489,No,0,3906630,28.8109027777778,0,2975.255
847747377,Central_3,2023,12,5,2,4,5280,3300,0.625,No,0,7126210,28.8266465053764,1,739.2000000000003
847747377,Central_3,2024,1,6,1,1,4620,3300,0.7142857142857143,No,0,6534370,30.0812900641025,1,1059.3000000000002
847747377,Central_3,2024,2,7,1,1,20460,3960,0.1935483870967742,Sí,1,26795180,30.1744252873562,0,0
847747377,Central_3,2024,3,8,1,1,21120,3960,0.1875,Sí,1,27565060,30.6373655913979,0,0
847747377,Central_3,2024,4,9,1,2,19800,4620,0.23333333333333334,Sí,1,26028270,29.3636458333333,0,0
847747377,Central_3,2024,5,10,1,2,21780,4620,0.21212121212121213,Sí,1,29131920,28.5051411290322,0,0
847747377,Central_3,2024,6,11,1,2,7920,2640,0.3333333333333333,Sí,1,10616630,28.4969791666667,1,0
847747377,Central_3,2024,7,12,2,3,4620,3300,0.7142857142857143,No,0,6491160,29.0219791666667,1,1059.3000000000002
847747377,Central_3,2024,8,13,2,3,19800,3960,0.2,Sí,1,27119220,29.9840389784946,0,0
847747377,Central_3,2024,9,14,2,3,27720,4620,0.16666666666666666,Sí,1,38117940,31.5828663793105,0,0
847747377,Central_3,2024,11,15,2,4,31020,3960,0.1276595744680851,Sí,1,40687880,27.575,0,0
847747377,Central_3,2024,12,16,2,4,9240,2640,0.2857142857142857,Sí,1,12475910,27.8675067204301,1,0
847747377,Central_3,2025,1,17,1,1,5940,2640,0.4444444444444444,Sí,1,8069930,28.4809475806451,1,0
847747377,Central_3,2025,2,18,1,1,21780,3300,0.15151515151515152,Sí,1,29907470,28.0261904761904,0,0
847747377,Central_3,2025,3,19,1,1,24420,3960,0.16216216216216217,Sí,1,31629560,27.3907930107528,0,0
847747377,Central_3,2025,4,20,1,2,19140,3300,0.1724137931034483,Sí,1,25658810,27.6582175925927,0,0
847747377,Central_3,2025,5,21,1,2,34980,3960,0.11320754716981132,Sí,1,47667360,27.4926523297491,0,0
847747377,Central_3,2025,6,22,1,2,19140,1980,0.10344827586206896,Sí,1,26347570,27.6680555555555,1,0
847747377,Central_3,2025,7,23,2,3,14520,1980,0.13636363636363635,Sí,1,20775810,28.7328853046594,1,0
847747377,Central_3,2025,8,24,2,3,37620,4620,0.12280701754385964,Sí,1,50232270,28.9784050179211,0,0
