"Cuenta","Nombre_Cuenta","Ano","Mes","Tiempo","Semestre","Trimestre","Activa","Reactiva","Relacion","Cumple","Cumple_bin","Pago"
"167382131","Central_1",2001,5,1,1,2,26000,960,0.0369230769230769,"Sí",1,5689170
"167382131","Central_1",2001,6,2,1,2,13840,160,0.0115606936416185,"Sí",1,3054810
"167382131","Central_1",2001,7,3,2,3,23520,400,0.0170068027210884,"Sí",1,5378590
"167382131","Central_1",2001,8,4,2,3,22960,640,0.0278745644599303,"Sí",1,5263020
"167382131","Central_1",2001,9,5,2,3,27600,1200,0.0434782608695652,"Sí",1,6507590
"167382131","Central_1",2001,10,6,2,4,23840,720,0.0302013422818792,"Sí",1,5639490
"167382131","Central_1",2001,11,7,2,4,22000,1040,0.0472727272727273,"Sí",1,4978020
"167382131","Central_1",2001,12,8,2,4,16480,560,0.0339805825242718,"Sí",1,3663650
"167382131","Central_1",2002,3,11,1,1,23040,1600,0.0694444444444444,"Sí",1,5399180
"167382131","Central_1",2002,5,13,1,2,24880,1760,0.0707395498392283,"Sí",1,5814890
"167382131","Central_1",2002,6,14,1,2,5840,880,0.150684931506849,"Sí",1,1423670
"167382131","Central_1",2002,7,15,2,3,40560,1200,0.029585798816568,"Sí",1,9799100
"167382131","Central_1",2002,8,16,2,3,26160,1360,0.0519877675840979,"Sí",1,6464980
"167382131","Central_1",2002,9,17,2,3,26480,1600,0.0604229607250755,"Sí",1,6390350
"167382131","Central_1",2002,10,18,2,4,29600,1760,0.0594594594594595,"Sí",1,7307700
"167382131","Central_1",2002,11,19,2,4,25680,1840,0.0716510903426791,"Sí",1,6483350
"167382131","Central_1",2003,1,21,1,1,11040,1360,0.123188405797101,"Sí",1,2864590
"167382131","Central_1",2003,2,22,1,1,30880,2000,0.0647668393782383,"Sí",1,8182260
"167382131","Central_1",2003,3,23,1,1,27520,2400,0.0872093023255814,"Sí",1,7567820
"167382131","Central_1",2003,4,24,1,2,19120,1280,0.0669456066945607,"Sí",1,5286360
"167382131","Central_1",2003,5,25,1,2,29440,2000,0.0679347826086956,"Sí",1,8200010
"167382131","Central_1",2003,6,26,1,2,20960,960,0.0458015267175573,"Sí",1,5770200
"167382131","Central_1",2003,8,27,2,3,30400,800,0.0263157894736842,"Sí",1,8632690
"167382131","Central_1",2003,9,28,2,3,26960,1280,0.0474777448071217,"Sí",1,7749900
"167382131","Central_1",2003,10,29,2,4,27680,2880,0.104046242774566,"Sí",1,8096690
"167382131","Central_1",2003,11,30,2,4,20960,1040,0.049618320610687,"Sí",1,6269520
"167382131","Central_1",2003,12,31,2,4,16080,320,0.0199004975124378,"Sí",1,4942920
"167382131","Central_1",2004,1,32,1,1,23520,800,0.0340136054421769,"Sí",1,7219130
"167382131","Central_1",2004,2,33,1,1,27760,1280,0.0461095100864553,"Sí",1,8573170
"167382131","Central_1",2004,3,34,1,1,31840,1520,0.0477386934673367,"Sí",1,10004640
"167382131","Central_1",2004,4,35,1,2,25680,1280,0.0498442367601246,"Sí",1,8118540
"167382131","Central_1",2004,5,36,1,2,28480,1280,0.0449438202247191,"Sí",1,9154860
"167382131","Central_1",2004,6,37,1,2,20720,640,0.0308880308880309,"Sí",1,6766750
"167382131","Central_1",2004,7,38,2,3,23840,1680,0.0704697986577181,"Sí",1,7946690
"167382131","Central_1",2004,8,39,2,3,26480,2800,0.105740181268882,"Sí",1,8930790
"167382131","Central_1",2004,9,40,2,3,22480,4160,0.185053380782918,"Sí",1,7694020
"167382131","Central_1",2004,10,41,2,4,32880,6080,0.184914841849148,"Sí",1,11468970
"167382131","Central_1",2004,11,42,2,4,28320,4960,0.175141242937853,"Sí",1,9910410
"167382131","Central_1",2004,12,43,2,4,18560,2480,0.133620689655172,"Sí",1,6483110
"167382131","Central_1",2005,1,44,1,1,15920,2000,0.125628140703518,"Sí",1,5434140
"167382131","Central_1",2005,2,45,1,1,25760,4560,0.177018633540373,"Sí",1,8742380
"167382131","Central_1",2005,3,46,1,1,27920,2560,0.0916905444126074,"Sí",1,9589690
"167382131","Central_1",2005,4,47,1,2,33280,1680,0.0504807692307692,"Sí",1,11473220
"167382131","Central_1",2005,5,48,1,2,27040,3200,0.118343195266272,"Sí",1,9348010
"167382131","Central_1",2005,6,49,1,2,25680,4720,0.183800623052959,"Sí",1,8887910
"167382131","Central_1",2005,7,50,2,3,19920,3840,0.192771084337349,"Sí",1,6913100
"167382131","Central_1",2005,8,51,2,3,28960,5760,0.198895027624309,"Sí",1,9877820
"167382131","Central_1",2005,9,52,2,3,34320,6720,0.195804195804196,"Sí",1,11629540
"167382131","Central_1",2005,10,53,2,4,24000,4960,0.206666666666667,"Sí",1,8132540
"167382131","Central_1",2005,11,54,2,4,27600,5120,0.185507246376812,"Sí",1,9322130
"167382131","Central_1",2005,12,55,2,4,18880,2400,0.127118644067797,"Sí",1,6426030
"167382131","Central_1",2006,1,56,1,1,18320,3440,0.187772925764192,"Sí",1,6139110
"167382131","Central_1",2006,2,57,1,1,27440,4960,0.180758017492711,"Sí",1,9278540
"167382131","Central_1",2006,3,58,1,1,32400,6960,0.214814814814815,"Sí",1,11060950
"167382131","Central_1",2006,4,59,1,2,21120,4880,0.231060606060606,"Sí",1,7185770
"167382131","Central_1",2006,5,60,1,2,30800,6080,0.197402597402597,"Sí",1,10771030
"167382131","Central_1",2006,6,61,1,2,22640,4880,0.215547703180212,"Sí",1,7957720
"167382131","Central_1",2006,7,62,2,3,21760,5040,0.231617647058824,"Sí",1,7788790
"167382131","Central_1",2006,8,63,2,3,30720,5120,0.166666666666667,"Sí",1,10994220
"167382131","Central_1",2006,9,64,2,3,32400,7440,0.22962962962963,"Sí",1,11552290
"167382131","Central_1",2006,10,65,2,4,30640,6480,0.211488250652742,"Sí",1,10862000
"167382131","Central_1",2006,11,66,2,4,10720,4560,0.425373134328358,"Sí",1,3769410
"167382131","Central_1",2006,12,67,2,4,30880,3920,0.126943005181347,"Sí",1,10835320
"167382131","Central_1",2007,1,68,1,1,17840,3120,0.174887892376682,"Sí",1,6253390
"167382131","Central_1",2007,2,69,1,1,27760,5200,0.187319884726225,"Sí",1,9786270
"167382131","Central_1",2007,3,70,1,1,26000,4720,0.181538461538462,"Sí",1,37724543
"167382131","Central_1",2007,4,71,1,2,21280,4960,0.233082706766917,"Sí",1,NA
"167382131","Central_1",2007,5,72,1,2,19840,3840,0.193548387096774,"Sí",1,NA
"167382131","Central_1",2007,6,73,1,2,22080,4320,0.195652173913043,"Sí",1,NA
"167382131","Central_1",2007,7,74,2,3,20080,4080,0.203187250996016,"Sí",1,NA
"167382131","Central_1",2007,8,75,2,3,27280,5440,0.19941348973607,"Sí",1,5337450
"167382131","Central_1",2007,9,76,2,3,32160,5760,0.17910447761194,"Sí",1,9991740
"167382131","Central_1",2007,10,77,2,4,28560,5040,0.176470588235294,"Sí",1,8935300
"167382131","Central_1",2007,11,78,2,4,28960,5360,0.185082872928177,"Sí",1,9060450
"167382131","Central_1",2007,12,79,2,4,17280,3440,0.199074074074074,"Sí",1,5395010
"167382131","Central_1",2008,1,80,1,1,16880,3280,0.194312796208531,"Sí",1,5258470
"167382131","Central_1",2008,2,81,1,1,23520,4960,0.210884353741497,"Sí",1,7488870
"167382131","Central_1",2008,3,82,1,1,20320,4560,0.224409448818898,"Sí",1,6643990
"167382131","Central_1",2008,4,83,1,2,26160,5440,0.207951070336391,"Sí",1,8840630
"167382131","Central_1",2008,5,84,1,2,24640,4880,0.198051948051948,"Sí",1,8555280
"167382131","Central_1",2008,6,85,1,2,23760,4800,0.202020202020202,"Sí",1,8424570
"167382131","Central_1",2008,7,86,2,3,18720,3760,0.200854700854701,"Sí",1,6554220
"167382131","Central_1",2008,8,87,2,3,26320,4720,0.179331306990881,"Sí",1,9415990
"167382131","Central_1",2008,9,88,2,3,27360,4880,0.178362573099415,"Sí",1,9902620
"167382131","Central_1",2008,10,89,2,4,26560,5440,0.204819277108434,"Sí",1,9603590
"167382131","Central_1",2008,11,90,2,4,22640,5120,0.226148409893993,"Sí",1,8186190
"167382131","Central_1",2008,12,91,2,4,13600,3280,0.241176470588235,"Sí",1,5085050
"167382131","Central_1",2009,1,92,1,1,11760,2720,0.231292517006803,"Sí",1,4448310
"167382131","Central_1",2009,2,93,1,1,21680,4800,0.22140221402214,"Sí",1,8216170
"167382131","Central_1",2009,3,94,1,1,23760,5040,0.212121212121212,"Sí",1,9055520
"167382131","Central_1",2009,4,95,1,2,20320,4080,0.200787401574803,"Sí",1,7779260
"167382131","Central_1",2009,5,96,1,2,28640,5360,0.187150837988827,"Sí",1,11017420
"167382131","Central_1",2009,6,97,1,2,22560,3120,0.138297872340426,"Sí",1,8721980
"167382131","Central_1",2009,7,98,2,3,19600,80,0.00408163265306122,"Sí",1,7570430
"167382131","Central_1",2009,8,99,2,3,23840,0,0,"Sí",1,9309230
"167382131","Central_1",2009,9,100,2,3,31600,0,0,"Sí",1,12462590
"167382131","Central_1",2009,10,101,2,4,25440,0,0,"Sí",1,10069150
"167382131","Central_1",2009,11,102,2,4,23040,0,0,"Sí",1,9273830
"167382131","Central_1",2009,12,103,2,4,17520,0,0,"Sí",1,7185570
"167382131","Central_1",2010,1,104,1,1,9760,0,0,"Sí",1,4002230
"167382131","Central_1",2010,2,105,1,1,34640,0,0,"Sí",1,14473150
"167382131","Central_1",2010,3,106,1,1,25840,0,0,"Sí",1,10247650
"167382131","Central_1",2010,4,107,1,2,29520,0,0,"Sí",1,11355610
"167382131","Central_1",2010,5,108,1,2,26000,0,0,"Sí",1,9556310
"167382131","Central_1",2010,6,109,1,2,10960,1280,0.116788321167883,"Sí",1,6469580
"167382131","Central_1",2010,7,110,2,3,30400,2560,0.0842105263157895,"Sí",1,10792450
"167382131","Central_1",2010,8,111,2,3,9120,4800,0.526315789473684,"No",0,3261200
"167382131","Central_1",2010,9,112,2,3,29440,4160,0.141304347826087,"Sí",1,10557230
"167382131","Central_1",2010,10,113,2,4,27840,6400,0.229885057471264,"Sí",1,10083250
"167382131","Central_1",2010,11,114,2,4,26080,4640,0.177914110429448,"Sí",1,9307000
"167382131","Central_1",2010,12,115,2,4,17600,3360,0.190909090909091,"Sí",1,6289720
"167382131","Central_1",2011,1,116,1,1,15040,2720,0.180851063829787,"Sí",1,5082270
"167382131","Central_1",2011,2,117,1,1,26880,5440,0.202380952380952,"Sí",1,9739760
"167382131","Central_1",2011,3,118,1,1,28640,5440,0.189944134078212,"Sí",1,10494140
"167382131","Central_1",2011,4,119,1,2,23040,3840,0.166666666666667,"Sí",1,8516100
"167382131","Central_1",2011,5,120,1,2,29440,5280,0.179347826086957,"Sí",1,10990490
"167382131","Central_1",2011,6,121,1,2,18880,3680,0.194915254237288,"Sí",1,7118670
"167382131","Central_1",2011,7,122,2,3,19040,4320,0.226890756302521,"Sí",1,7250860
"167382131","Central_1",2011,8,123,2,3,36000,8480,0.235555555555556,"Sí",1,13846690
"167382131","Central_1",2011,9,124,2,3,40480,9120,0.225296442687747,"Sí",1,15803330
"167382131","Central_1",2011,10,125,2,4,27520,6560,0.238372093023256,"Sí",1,10904970
"167382131","Central_1",2011,11,126,2,4,24960,6240,0.25,"Sí",1,10101180
"167382131","Central_1",2011,12,127,2,4,19200,5440,0.283333333333333,"Sí",1,7915410
"167382131","Central_1",2012,1,128,1,1,26400,6080,0.23030303030303,"Sí",1,11140880
"167382131","Central_1",2012,2,129,1,1,26240,5760,0.219512195121951,"Sí",1,11254730
"167382131","Central_1",2012,3,130,1,1,32960,6880,0.20873786407767,"Sí",1,14419820
"167382131","Central_1",2012,4,131,1,2,27840,6080,0.218390804597701,"Sí",1,12425510
"167382131","Central_1",2012,5,132,1,2,34240,6880,0.200934579439252,"Sí",1,13094970
"167382131","Central_1",2012,6,133,1,2,25120,5120,0.203821656050955,"Sí",1,9799210
"167382131","Central_1",2012,7,134,2,3,23040,4960,0.215277777777778,"Sí",1,9073470
"167382131","Central_1",2012,8,135,2,3,28160,6240,0.221590909090909,"Sí",1,10450450
"167382131","Central_1",2012,9,136,2,3,39200,8000,0.204081632653061,"Sí",1,14836540
"167382131","Central_1",2012,10,137,2,4,31360,6720,0.214285714285714,"Sí",1,12106620
"167382131","Central_1",2012,11,138,2,4,32800,7200,0.219512195121951,"Sí",1,12769550
"167382131","Central_1",2012,12,139,2,4,20800,4640,0.223076923076923,"Sí",1,7535360
"167382131","Central_1",2013,1,140,1,1,23840,4480,0.187919463087248,"Sí",1,9089770
"167382131","Central_1",2013,2,141,1,1,26560,5440,0.204819277108434,"Sí",1,10485310
"167382131","Central_1",2013,3,142,1,1,28480,6720,0.235955056179775,"Sí",1,11038160
"167382131","Central_1",2013,4,143,1,2,36640,8160,0.222707423580786,"Sí",1,13558000
"167382131","Central_1",2013,5,144,1,2,30880,7360,0.238341968911917,"Sí",1,12175260
"167382131","Central_1",2013,6,145,1,2,25280,7200,0.284810126582278,"Sí",1,10817140
"167382131","Central_1",2013,7,146,2,3,22560,5760,0.25531914893617,"Sí",1,8645550
"167382131","Central_1",2013,8,147,2,3,32960,7200,0.218446601941748,"Sí",1,12236170
"167382131","Central_1",2013,9,148,2,3,34720,7680,0.221198156682028,"Sí",1,13853550
"167382131","Central_1",2013,10,149,2,4,38560,7840,0.203319502074689,"Sí",1,15814030
"167382131","Central_1",2013,11,150,2,4,29600,6400,0.216216216216216,"Sí",1,11382150
"167382131","Central_1",2013,12,151,2,4,21920,4640,0.211678832116788,"Sí",1,8780390
"167382131","Central_1",2014,1,152,1,1,16320,3360,0.205882352941176,"Sí",1,6427180
"167382131","Central_1",2014,2,153,1,1,32640,6880,0.21078431372549,"Sí",1,12813910
"167382131","Central_1",2014,3,154,1,1,28800,7360,0.255555555555556,"Sí",1,11422910
"167382131","Central_1",2014,4,155,1,2,35040,9280,0.264840182648402,"Sí",1,14322680
"167382131","Central_1",2014,5,156,1,2,30880,7200,0.233160621761658,"Sí",1,12423280
"167382131","Central_1",2014,6,157,1,2,29120,8000,0.274725274725275,"Sí",1,13443230
"167382131","Central_1",2014,7,158,2,3,21760,5600,0.257352941176471,"Sí",1,9946090
"167382131","Central_1",2014,8,159,2,3,34400,8320,0.241860465116279,"Sí",1,14774360
"167382131","Central_1",2014,9,160,2,3,43840,9760,0.222627737226277,"Sí",1,18014910
"167382131","Central_1",2014,10,161,2,4,43840,10560,0.240875912408759,"Sí",1,17829580
"167382131","Central_1",2014,11,162,2,4,39680,9760,0.245967741935484,"Sí",1,16351500
"167382131","Central_1",2014,12,163,2,4,24000,6560,0.273333333333333,"Sí",1,10360390
"167382131","Central_1",2015,1,164,1,1,16160,4320,0.267326732673267,"Sí",1,6609300
"167382131","Central_1",2015,2,165,1,1,36320,7360,0.202643171806167,"Sí",1,15167990
"167382131","Central_1",2015,3,166,1,1,37120,6400,0.172413793103448,"Sí",1,15716390
"167382131","Central_1",2015,4,167,1,2,37600,7520,0.2,"Sí",1,15947140
"167382131","Central_1",2015,5,168,1,2,34400,7520,0.218604651162791,"Sí",1,14988710
"167382131","Central_1",2015,6,169,1,2,27520,6240,0.226744186046512,"Sí",1,11685120
"167382131","Central_1",2015,7,170,2,3,22080,5280,0.239130434782609,"Sí",1,9510200
"167382131","Central_1",2015,8,171,2,3,36320,6720,0.185022026431718,"Sí",1,15278990
"167382131","Central_1",2015,9,172,2,3,52800,10400,0.196969696969697,"Sí",1,22872090
"167382131","Central_1",2015,10,173,2,4,46080,9120,0.197916666666667,"Sí",1,20295770
"167382131","Central_1",2015,11,174,2,4,35200,6720,0.190909090909091,"Sí",1,15938780
"167382131","Central_1",2015,12,175,2,4,20800,4960,0.238461538461538,"Sí",1,9923480
"167382131","Central_1",2016,1,176,1,1,16160,3840,0.237623762376238,"Sí",1,7715850
"167382131","Central_1",2016,2,177,1,1,40800,7200,0.176470588235294,"Sí",1,19866980
"167382131","Central_1",2016,3,178,1,1,36480,7680,0.210526315789474,"Sí",1,18846990
"167382131","Central_1",2016,4,179,1,2,43040,8640,0.200743494423792,"Sí",1,21361420
"167382131","Central_1",2016,5,180,1,2,49440,9600,0.194174757281553,"Sí",1,22824960
"167382131","Central_1",2016,6,181,1,2,22560,4320,0.191489361702128,"Sí",1,9532050
"167382131","Central_1",2016,7,182,2,3,17440,3360,0.192660550458716,"Sí",1,7347540
"167382131","Central_1",2016,8,183,2,3,45760,8640,0.188811188811189,"Sí",1,19701080
"167382131","Central_1",2016,9,184,2,3,34880,6400,0.18348623853211,"Sí",1,15439690
"167382131","Central_1",2016,10,185,2,4,44960,8000,0.177935943060498,"Sí",1,19886220
"167382131","Central_1",2016,11,186,2,4,38400,7520,0.195833333333333,"Sí",1,19182120
"167382131","Central_1",2016,12,187,2,4,21280,4640,0.218045112781955,"Sí",1,10949240
"167382131","Central_1",2017,1,188,1,1,14400,2400,0.166666666666667,"Sí",1,7860330
"167382131","Central_1",2017,2,189,1,1,34240,5920,0.172897196261682,"Sí",1,17342840
"167382131","Central_1",2017,3,190,1,1,44000,8320,0.189090909090909,"Sí",1,21761510
"167382131","Central_1",2017,4,191,1,2,22240,4960,0.223021582733813,"Sí",1,11023210
"167382131","Central_1",2017,5,192,1,2,40000,6880,0.172,"Sí",1,19826660
"167382131","Central_1",2017,6,193,1,2,19680,3520,0.178861788617886,"Sí",1,9777860
"167382131","Central_1",2017,7,194,2,3,12480,2560,0.205128205128205,"Sí",1,6140350
"167382131","Central_1",2017,8,195,2,3,49280,8640,0.175324675324675,"Sí",1,24662270
"167382131","Central_1",2017,9,196,2,3,37920,6400,0.168776371308017,"Sí",1,19179890
"167382131","Central_1",2017,10,197,2,4,46400,8320,0.179310344827586,"Sí",1,23071880
"167382131","Central_1",2017,11,198,2,4,30560,5600,0.183246073298429,"Sí",1,15375760
"167382131","Central_1",2017,12,199,2,4,19040,2880,0.151260504201681,"Sí",1,9369850
"167382131","Central_1",2018,1,200,1,1,13120,2080,0.158536585365854,"Sí",1,6412440
"167382131","Central_1",2018,2,201,1,1,32320,4960,0.153465346534653,"Sí",1,16240110
"167382131","Central_1",2018,3,202,1,1,35840,5760,0.160714285714286,"Sí",1,19026840
"167382131","Central_1",2018,4,203,1,2,35520,6560,0.184684684684685,"Sí",1,20828850
"167382131","Central_1",2018,5,204,1,2,36320,6560,0.180616740088106,"Sí",1,20101320
"167382131","Central_1",2018,6,205,1,2,20320,3200,0.15748031496063,"Sí",1,9897920
"167382131","Central_1",2018,7,206,2,3,14720,2400,0.16304347826087,"Sí",1,8249230
"167382131","Central_1",2018,8,207,2,3,37600,6080,0.161702127659574,"Sí",1,21738710
"167382131","Central_1",2018,9,208,2,3,35840,7040,0.196428571428571,"Sí",1,21427690
"167382131","Central_1",2018,10,209,2,4,37280,6400,0.171673819742489,"Sí",1,22378680
"167382131","Central_1",2018,11,210,2,4,27200,7840,0.288235294117647,"Sí",1,16098700
"167382131","Central_1",2018,12,211,2,4,17920,3200,0.178571428571429,"Sí",1,10787300
"167382131","Central_1",2019,1,212,1,1,22400,4320,0.192857142857143,"Sí",1,13741650
"167382131","Central_1",2019,2,213,1,1,35520,5760,0.162162162162162,"Sí",1,21365330
"167382131","Central_1",2019,3,214,1,1,28960,4160,0.143646408839779,"Sí",1,17661290
"167382131","Central_1",2019,4,215,1,2,33120,5920,0.178743961352657,"Sí",1,20309090
"167382131","Central_1",2019,5,216,1,2,34720,5440,0.15668202764977,"Sí",1,20892980
"167382131","Central_1",2019,6,217,1,2,27680,4640,0.167630057803468,"Sí",1,16485230
"167382131","Central_1",2019,7,218,2,3,28160,4640,0.164772727272727,"Sí",1,16984120
"167382131","Central_1",2019,8,219,2,3,29600,4480,0.151351351351351,"Sí",1,17929930
"167382131","Central_1",2019,9,220,2,3,39360,5440,0.138211382113821,"Sí",1,24346110
"167382131","Central_1",2019,10,221,2,4,38880,6400,0.164609053497942,"Sí",1,24219040
"167382131","Central_1",2019,12,223,2,4,23520,4480,0.19047619047619,"Sí",1,13946900
"167382131","Central_1",2020,1,224,1,1,15360,3040,0.197916666666667,"Sí",1,9103850
"167382131","Central_1",2020,2,225,1,1,31360,4160,0.13265306122449,"Sí",1,18739700
"167382131","Central_1",2020,3,226,1,1,28320,4320,0.152542372881356,"Sí",1,18073030
"167382131","Central_1",2020,4,227,1,2,5920,3040,0.513513513513513,"No",0,3935730
"167382131","Central_1",2020,5,228,1,2,5120,2560,0.5,"No",0,3183830
"167382131","Central_1",2020,6,229,1,2,5440,1760,0.323529411764706,"Sí",1,3513490
"167382131","Central_1",2020,7,230,2,3,7360,1280,0.173913043478261,"Sí",1,4724390
"167382131","Central_1",2020,8,231,2,3,6720,1440,0.214285714285714,"Sí",1,4345640
"167382131","Central_1",2020,9,232,2,3,8960,1760,0.196428571428571,"Sí",1,5793250
"167382131","Central_1",2020,10,233,2,4,7680,1760,0.229166666666667,"Sí",1,4934110
"167382131","Central_1",2020,11,234,2,4,9120,1600,0.175438596491228,"Sí",1,5854140
"167382131","Central_1",2020,12,235,2,4,10400,1760,0.169230769230769,"Sí",1,6069010
"167382131","Central_1",2021,1,236,1,1,6080,1440,0.236842105263158,"Sí",1,3962710
"167382131","Central_1",2021,2,237,1,1,9280,1440,0.155172413793103,"Sí",1,6026520
"167382131","Central_1",2021,3,238,1,1,9600,1600,0.166666666666667,"Sí",1,6293310
"167382131","Central_1",2021,4,239,1,2,8960,1760,0.196428571428571,"Sí",1,5808520
"167382131","Central_1",2021,5,240,1,2,8960,1760,0.196428571428571,"Sí",1,5971620
"167382131","Central_1",2021,6,241,1,2,9440,2560,0.271186440677966,"Sí",1,6346250
"167382131","Central_1",2021,7,242,2,3,8800,2400,0.272727272727273,"Sí",1,5858280
"167382131","Central_1",2021,8,243,2,3,11840,3520,0.297297297297297,"Sí",1,8106290
"167382131","Central_1",2021,9,244,2,3,12320,1760,0.142857142857143,"Sí",1,10681240
"167382131","Central_1",2021,10,245,2,4,5120,3040,0.59375,"No",0,3566150
"167382131","Central_1",2021,11,246,2,4,5760,2080,0.361111111111111,"Sí",1,4071810
"167382131","Central_1",2021,12,247,2,4,8160,1760,0.215686274509804,"Sí",1,5795640
"167382131","Central_1",2022,1,248,1,1,7680,1280,0.166666666666667,"Sí",1,5533810
"167382131","Central_1",2022,2,249,1,1,13760,1600,0.116279069767442,"Sí",1,9841440
"167382131","Central_1",2022,3,250,1,1,11360,1600,0.140845070422535,"Sí",1,8274920
"167382131","Central_1",2022,4,251,1,2,18720,3040,0.162393162393162,"Sí",1,13767380
"167382131","Central_1",2022,5,252,1,2,22720,3680,0.161971830985915,"Sí",1,17120310
"167382131","Central_1",2022,6,253,1,2,21120,4000,0.189393939393939,"Sí",1,15640170
"167382131","Central_1",2022,7,254,2,3,20000,3840,0.192,"Sí",1,15536470
"167382131","Central_1",2022,8,255,2,3,22080,2880,0.130434782608696,"Sí",1,17383210
"167382131","Central_1",2022,9,256,2,3,26080,3200,0.122699386503067,"Sí",1,21135610
"167382131","Central_1",2022,10,257,2,4,26720,4000,0.149700598802395,"Sí",1,22303680
"167382131","Central_1",2022,11,258,2,4,28000,4000,0.142857142857143,"Sí",1,23522590
"167382131","Central_1",2022,12,259,2,4,22720,3680,0.161971830985915,"Sí",1,18955680
"167382131","Central_1",2023,1,260,1,1,12480,2400,0.192307692307692,"Sí",1,10411770
"167382131","Central_1",2023,2,261,1,1,27200,3840,0.141176470588235,"Sí",1,23147920
"167382131","Central_1",2023,3,262,1,1,34080,3680,0.107981220657277,"Sí",1,29519230
"167382131","Central_1",2023,4,263,1,2,26240,3040,0.115853658536585,"Sí",1,23114390
"167382131","Central_1",2023,5,264,1,2,35840,4480,0.125,"Sí",1,31748020
"167382131","Central_1",2023,6,265,1,2,21120,1760,0.0833333333333333,"Sí",1,18971800
"167382131","Central_1",2023,7,266,2,3,18240,800,0.043859649122807,"Sí",1,16301090
"167382131","Central_1",2023,8,267,2,3,32640,3840,0.117647058823529,"Sí",1,29503300
"167382131","Central_1",2023,9,268,2,3,41600,4480,0.107692307692308,"Sí",1,37790470
"167382131","Central_1",2023,10,269,2,4,39680,4320,0.108870967741935,"Sí",1,36338870
"167382131","Central_1",2023,11,270,2,4,33280,4000,0.120192307692308,"Sí",1,31615030
"167382131","Central_1",2023,12,271,2,4,19520,2240,0.114754098360656,"Sí",1,20091360
"167382131","Central_1",2024,1,272,1,1,18560,3680,0.198275862068966,"Sí",1,19742650
"167382131","Central_1",2024,2,273,1,1,35360,4320,0.122171945701357,"Sí",1,37549090
"167382131","Central_1",2024,3,274,1,1,34080,4160,0.122065727699531,"Sí",1,35691850
"167382131","Central_1",2024,4,275,1,2,33760,4000,0.118483412322275,"Sí",1,35926700
"167382131","Central_1",2024,5,276,1,2,32000,4480,0.14,"Sí",1,34499610
"167382131","Central_1",2024,6,277,1,2,15840,2880,0.181818181818182,"Sí",1,17053920
"167382131","Central_1",2024,7,278,2,3,11520,2400,0.208333333333333,"Sí",1,12300520
"167382131","Central_1",2024,8,279,2,3,29440,4160,0.141304347826087,"Sí",1,32594160
"167382131","Central_1",2024,9,280,2,3,37920,4480,0.118143459915612,"Sí",1,41997250
"167382131","Central_1",2024,10,281,2,4,32640,4320,0.132352941176471,"Sí",1,34988960
"167382131","Central_1",2024,11,282,2,4,31360,4480,0.142857142857143,"Sí",1,33244590
"167382131","Central_1",2024,12,283,2,4,19520,2880,0.147540983606557,"Sí",1,20715210
"167382131","Central_1",2025,1,284,1,1,15520,2400,0.154639175257732,"Sí",1,16947570
"167382131","Central_1",2025,2,285,1,1,25920,2880,0.111111111111111,"Sí",1,28752600
"167382131","Central_1",2025,3,286,1,1,28320,3680,0.129943502824859,"Sí",1,29373160
"167382131","Central_1",2025,4,287,1,2,24800,3200,0.129032258064516,"Sí",1,26808020
"167382131","Central_1",2025,5,288,1,2,28800,3520,0.122222222222222,"Sí",1,31530660
"167382131","Central_1",2025,6,289,1,2,19680,2560,0.130081300813008,"Sí",1,21864920
"167382131","Central_1",2025,7,290,2,3,16320,2400,0.147058823529412,"Sí",1,18876400
"167382131","Central_1",2025,8,291,2,3,27520,3040,0.11046511627907,"Sí",1,29706150
"167383918","Central_4",2001,5,1,1,2,29640,14760,0.497975708502024,"No",0,6485660
"167383918","Central_4",2001,6,2,1,2,20040,10320,0.514970059880239,"No",0,4480800
"167383918","Central_4",2001,7,3,2,3,29880,14160,0.473895582329317,"Sí",1,6833010
"167383918","Central_4",2001,8,4,2,3,31560,15120,0.479087452471483,"Sí",1,7233050
"167383918","Central_4",2001,9,5,2,3,36960,16800,0.454545454545455,"Sí",1,8714520
"167383918","Central_4",2001,10,6,2,4,30120,13920,0.462151394422311,"Sí",1,7130390
"167383918","Central_4",2001,11,7,2,4,28920,13560,0.468879668049793,"Sí",1,6543830
"167383918","Central_4",2001,12,8,2,4,21120,9600,0.454545454545455,"Sí",1,4695160
"167383918","Central_4",2002,1,9,1,1,27960,12240,0.437768240343348,"Sí",1,6308390
"167383918","Central_4",2002,2,10,1,1,26520,11040,0.416289592760181,"Sí",1,6062690
"167383918","Central_4",2002,3,11,1,1,26760,12360,0.461883408071749,"Sí",1,6271020
"167383918","Central_4",2002,4,12,1,2,29640,12840,0.433198380566802,"Sí",1,6903940
"167383918","Central_4",2002,5,13,1,2,23280,10440,0.448453608247423,"Sí",1,5449240
"167383918","Central_4",2002,6,14,1,2,20280,8880,0.437869822485207,"Sí",1,4864190
"167383918","Central_4",2002,7,15,2,3,29520,12000,0.40650406504065,"Sí",1,7131890
"167383918","Central_4",2002,8,16,2,3,35280,13200,0.374149659863946,"Sí",1,8655460
"167383918","Central_4",2002,9,17,2,3,35400,12960,0.366101694915254,"Sí",1,8543050
"167383918","Central_4",2002,10,18,2,4,35520,14400,0.405405405405405,"Sí",1,8769240
"167383918","Central_4",2002,11,19,2,4,32160,12240,0.380597014925373,"Sí",1,8118990
"167383918","Central_4",2002,12,20,2,4,21840,8760,0.401098901098901,"Sí",1,5579260
"167383918","Central_4",2003,1,21,1,1,22920,8760,0.382198952879581,"Sí",1,5921880
"167383918","Central_4",2003,2,22,1,1,40800,14880,0.364705882352941,"Sí",1,10810760
"167383918","Central_4",2003,3,23,1,1,37080,14160,0.381877022653722,"Sí",1,10196760
"167383918","Central_4",2003,4,24,1,2,25920,9840,0.37962962962963,"Sí",1,7166440
"167383918","Central_4",2003,5,25,1,2,36480,13800,0.378289473684211,"Sí",1,10160880
"167383918","Central_4",2003,6,26,1,2,23280,8880,0.381443298969072,"Sí",1,6408890
"167383918","Central_4",2003,8,27,2,3,39120,12480,0.319018404907975,"Sí",1,11113980
"167383918","Central_4",2003,9,28,2,3,39000,13200,0.338461538461538,"Sí",1,11210910
"167383918","Central_4",2003,10,29,2,4,37200,13080,0.351612903225806,"Sí",1,10881390
"167383918","Central_4",2003,11,30,2,4,28800,10680,0.370833333333333,"Sí",1,8614610
"167383918","Central_4",2003,12,31,2,4,20040,7560,0.377245508982036,"Sí",1,6160200
"167383918","Central_4",2004,1,32,1,1,28080,10800,0.384615384615385,"Sí",1,8618940
"167383918","Central_4",2004,2,33,1,1,33480,11880,0.354838709677419,"Sí",1,10333210
"167383918","Central_4",2004,3,34,1,1,39600,13680,0.345454545454545,"Sí",1,12442950
"167383918","Central_4",2004,4,35,1,2,29640,11520,0.388663967611336,"Sí",1,9370460
"167383918","Central_4",2004,5,36,1,2,36960,13680,0.37012987012987,"Sí",1,11880570
"167383918","Central_4",2004,6,37,1,2,28800,10800,0.375,"Sí",1,9405530
"167383918","Central_4",2004,7,38,2,3,32160,11640,0.361940298507463,"Sí",1,10720030
"167383918","Central_4",2004,8,39,2,3,35520,12840,0.361486486486487,"Sí",1,11979680
"167383918","Central_4",2004,9,40,2,3,40920,14520,0.354838709677419,"Sí",1,14005310
"167383918","Central_4",2004,10,41,2,4,39120,14760,0.377300613496933,"Sí",1,13645560
"167383918","Central_4",2004,11,42,2,4,35760,13800,0.385906040268456,"Sí",1,12514000
"167383918","Central_4",2004,12,43,2,4,26880,10920,0.40625,"Sí",1,9389330
"167383918","Central_4",2005,1,44,1,1,22800,8880,0.389473684210526,"Sí",1,7782590
"167383918","Central_4",2005,2,45,1,1,34560,12240,0.354166666666667,"Sí",1,11729050
"167383918","Central_4",2005,3,46,1,1,34680,11880,0.342560553633218,"Sí",1,11911550
"167383918","Central_4",2005,4,47,1,2,38760,13680,0.352941176470588,"Sí",1,13362380
"167383918","Central_4",2005,5,48,1,2,32520,11760,0.361623616236162,"Sí",1,11242500
"167383918","Central_4",2005,6,49,1,2,33240,11640,0.350180505415162,"Sí",1,11504440
"167383918","Central_4",2005,7,50,2,3,28920,10680,0.369294605809129,"Sí",1,10036490
"167383918","Central_4",2005,8,51,2,3,40680,13800,0.339233038348083,"Sí",1,13875330
"167383918","Central_4",2005,9,52,2,3,43680,14760,0.337912087912088,"Sí",1,14801230
"167383918","Central_4",2005,10,53,2,4,36240,13440,0.370860927152318,"Sí",1,12280140
"167383918","Central_4",2005,11,54,2,4,40080,14400,0.359281437125749,"Sí",1,13537360
"167383918","Central_4",2005,12,55,2,4,29160,11040,0.378600823045267,"Sí",1,9920640
"167383918","Central_4",2006,1,56,1,1,30000,11520,0.384,"Sí",1,10053110
"167383918","Central_4",2006,2,57,1,1,37920,14040,0.370253164556962,"Sí",1,12822240
"167383918","Central_4",2006,3,58,1,1,40200,14280,0.355223880597015,"Sí",1,13723770
"167383918","Central_4",2006,4,59,1,2,29280,11520,0.39344262295082,"Sí",1,9962640
"167383918","Central_4",2006,5,60,1,2,38280,13800,0.360501567398119,"Sí",1,13386850
"167383918","Central_4",2006,6,61,1,2,29040,11880,0.409090909090909,"Sí",1,10207260
"167383918","Central_4",2006,7,62,2,3,28440,11040,0.388185654008439,"Sí",1,10179840
"167383918","Central_4",2006,8,63,2,3,36840,13680,0.371335504885993,"Sí",1,13184480
"167383918","Central_4",2006,9,64,2,3,38520,13320,0.345794392523364,"Sí",1,13734380
"167383918","Central_4",2006,10,65,2,4,36840,12480,0.338762214983713,"Sí",1,13058450
"167383918","Central_4",2006,11,66,2,4,33360,11400,0.341726618705036,"Sí",1,11730180
"167383918","Central_4",2006,12,67,2,4,21840,7800,0.357142857142857,"Sí",1,7663320
"167383918","Central_4",2007,1,68,1,1,26760,9120,0.340807174887892,"Sí",1,9380090
"167383918","Central_4",2007,2,69,1,1,42480,12120,0.285310734463277,"Sí",1,14975530
"167383918","Central_4",2007,3,70,1,1,45120,12480,0.276595744680851,"Sí",1,50059888
"167383918","Central_4",2007,4,71,1,2,33360,10080,0.302158273381295,"Sí",1,NA
"167383918","Central_4",2007,5,72,1,2,35400,10560,0.298305084745763,"Sí",1,NA
"167383918","Central_4",2007,6,73,1,2,36240,11040,0.304635761589404,"Sí",1,NA
"167383918","Central_4",2007,7,74,2,3,36720,11040,0.300653594771242,"Sí",1,9077460
"167383918","Central_4",2007,8,75,2,3,44400,13080,0.294594594594595,"Sí",1,13781620
"167383918","Central_4",2007,9,76,2,3,45720,12960,0.283464566929134,"Sí",1,14205680
"167383918","Central_4",2007,10,77,2,4,44400,12720,0.286486486486487,"Sí",1,13891020
"167383918","Central_4",2007,11,78,2,4,38400,12480,0.325,"Sí",1,12013860
"167383918","Central_4",2007,12,79,2,4,18120,7920,0.437086092715232,"Sí",1,5657270
"167383918","Central_4",2008,1,80,1,1,39960,12240,0.306306306306306,"Sí",1,12493130
"167383918","Central_4",2008,2,81,1,1,15960,8520,0.533834586466165,"No",0,5156430
"167383918","Central_4",2008,3,82,1,1,26640,9960,0.373873873873874,"Sí",1,8707660
"167383918","Central_4",2008,4,83,1,2,37560,12840,0.34185303514377,"Sí",1,12683860
"167383918","Central_4",2008,5,84,1,2,35520,11880,0.334459459459459,"Sí",1,12332940
"167383918","Central_4",2008,6,85,1,2,35160,12360,0.351535836177474,"Sí",1,12466670
"167383918","Central_4",2008,7,86,2,3,30840,10920,0.35408560311284,"Sí",1,10807150
"167383918","Central_4",2008,8,87,2,3,39120,13200,0.337423312883436,"Sí",1,13995200
"167383918","Central_4",2008,9,88,2,3,42480,13920,0.327683615819209,"Sí",1,15375140
"167383918","Central_4",2008,10,89,2,4,39000,14160,0.363076923076923,"Sí",1,14101650
"167383918","Central_4",2008,11,90,2,4,33720,12600,0.373665480427046,"Sí",1,12192510
"167383918","Central_4",2008,12,91,2,4,20640,8400,0.406976744186047,"Sí",1,7717310
"167383918","Central_4",2009,1,92,1,1,18120,7800,0.43046357615894,"Sí",1,6856160
"167383918","Central_4",2009,2,93,1,1,30960,10920,0.352713178294574,"Sí",1,11733050
"167383918","Central_4",2009,3,94,1,1,37080,12600,0.339805825242718,"Sí",1,14131290
"167383918","Central_4",2009,4,95,1,2,23040,8640,0.375,"Sí",1,8821150
"167383918","Central_4",2009,5,96,1,2,37800,13680,0.361904761904762,"Sí",1,14541150
"167383918","Central_4",2009,6,97,1,2,26640,9600,0.36036036036036,"Sí",1,10299370
"167383918","Central_4",2009,7,98,2,3,27840,11400,0.40948275862069,"Sí",1,10751170
"167383918","Central_4",2009,8,99,2,3,31800,10800,0.339622641509434,"Sí",1,12417520
"167383918","Central_4",2009,9,100,2,3,49800,15840,0.318072289156626,"Sí",1,19640400
"167383918","Central_4",2009,10,101,2,4,41280,13560,0.328488372093023,"Sí",1,16364240
"167383918","Central_4",2009,11,102,2,4,37440,10800,0.288461538461538,"Sí",1,15069980
"167383918","Central_4",2009,12,103,2,4,30240,10560,0.349206349206349,"Sí",1,12401510
"167383918","Central_4",2010,1,104,1,1,19200,7080,0.36875,"Sí",1,7892210
"167383918","Central_4",2010,2,105,1,1,42240,10920,0.258522727272727,"Sí",1,17648550
"167383918","Central_4",2010,3,106,1,1,33720,9000,0.266903914590747,"Sí",1,13372710
"167383918","Central_4",2010,4,107,1,2,39720,11160,0.280966767371601,"Sí",1,15279300
"167383918","Central_4",2010,5,108,1,2,38040,10080,0.264984227129338,"Sí",1,13981620
"167383918","Central_4",2010,6,109,1,2,21360,6960,0.325842696629214,"Sí",1,7746090
"167383918","Central_4",2010,7,110,2,3,23880,7800,0.326633165829146,"Sí",1,8452080
"167383918","Central_4",2010,8,111,2,3,35040,9840,0.280821917808219,"Sí",1,12440990
"167383918","Central_4",2010,9,112,2,3,43320,10800,0.249307479224377,"Sí",1,15534620
"167383918","Central_4",2010,10,113,2,4,38040,10080,0.264984227129338,"Sí",1,13777540
"167383918","Central_4",2010,11,114,2,4,35640,9480,0.265993265993266,"Sí",1,12718620
"167383918","Central_4",2010,12,115,2,4,23760,7920,0.333333333333333,"Sí",1,8491210
"167383918","Central_4",2011,1,116,1,1,22920,6840,0.298429319371728,"Sí",1,8235240
"167383918","Central_4",2011,2,117,1,1,36120,9480,0.262458471760797,"Sí",1,13087810
"167383918","Central_4",2011,3,118,1,1,37560,9000,0.23961661341853,"Sí",1,13762990
"167383918","Central_4",2011,4,119,1,2,31800,7560,0.237735849056604,"Sí",1,11753990
"167383918","Central_4",2011,5,120,1,2,40560,8880,0.218934911242604,"Sí",1,15141790
"167383918","Central_4",2011,6,121,1,2,25680,8400,0.327102803738318,"Sí",1,15428150
"167383918","Central_4",2011,7,122,2,3,25680,7680,0.299065420560748,"Sí",1,9753530
"167383918","Central_4",2011,8,123,2,3,44280,10080,0.227642276422764,"Sí",1,17031440
"167383918","Central_4",2011,9,124,2,3,49440,12120,0.245145631067961,"Sí",1,19301300
"167383918","Central_4",2011,10,125,2,4,34080,9240,0.27112676056338,"Sí",1,13504400
"167383918","Central_4",2011,11,126,2,4,30480,8400,0.275590551181102,"Sí",1,12335310
"167383918","Central_4",2011,12,127,2,4,26400,8640,0.327272727272727,"Sí",1,10883690
"167383918","Central_4",2012,1,128,1,1,29280,7680,0.262295081967213,"Sí",1,12366770
"167383918","Central_4",2012,2,129,1,1,30240,6480,0.214285714285714,"Sí",1,12970400
"167383918","Central_4",2013,3,142,1,1,10800,3240,0.3,"Sí",1,4465140
"167383918","Central_4",2013,4,143,1,2,27000,7080,0.262222222222222,"Sí",1,10518360
"167383918","Central_4",2013,5,144,1,2,20760,5520,0.265895953757225,"Sí",1,8185180
"167383918","Central_4",2013,6,145,1,2,14400,3960,0.275,"Sí",1,6161660
"167383918","Central_4",2013,7,146,2,3,11520,3000,0.260416666666667,"Sí",1,4427130
"167383918","Central_4",2013,8,147,2,3,20760,5040,0.242774566473988,"Sí",1,7707010
"167383918","Central_4",2013,9,148,2,3,24720,5760,0.233009708737864,"Sí",1,9862880
"167383918","Central_4",2013,10,149,2,4,30240,7080,0.234126984126984,"Sí",1,12401880
"167383918","Central_4",2013,11,150,2,4,25320,6360,0.251184834123223,"Sí",1,9736360
"167383918","Central_4",2013,12,151,2,4,13920,3600,0.258620689655172,"Sí",1,5576990
"167383918","Central_4",2014,1,152,1,1,12960,3480,0.268518518518519,"Sí",1,5103930
"167383918","Central_4",2014,2,153,1,1,21840,5400,0.247252747252747,"Sí",1,8574010
"167383918","Central_4",2014,3,154,1,1,24840,6000,0.241545893719807,"Sí",1,9852260
"167383918","Central_4",2014,4,155,1,2,29640,7200,0.242914979757085,"Sí",1,12310220
"167383918","Central_4",2014,5,156,1,2,27480,6600,0.240174672489083,"Sí",1,11055430
"167383918","Central_4",2014,6,157,1,2,23040,6000,0.260416666666667,"Sí",1,10636400
"167383918","Central_4",2014,7,158,2,3,14400,3720,0.258333333333333,"Sí",1,6660970
"167383918","Central_4",2014,8,159,2,3,27480,6840,0.248908296943231,"Sí",1,11802310
"167383918","Central_4",2014,9,160,2,3,33960,7920,0.23321554770318,"Sí",1,13954980
"167383918","Central_4",2014,10,161,2,4,40080,9600,0.239520958083832,"Sí",1,16283240
"167383918","Central_4",2014,11,162,2,4,20400,5040,0.247058823529412,"Sí",1,8407580
"167383918","Central_4",2014,12,163,2,4,13800,3360,0.243478260869565,"Sí",1,5957230
"167383918","Central_4",2015,1,164,1,1,7200,1800,0.25,"Sí",1,2947730
"167383918","Central_4",2015,2,165,1,1,25680,6480,0.252336448598131,"Sí",1,10724500
"167383918","Central_4",2015,3,166,1,1,27600,6360,0.230434782608696,"Sí",1,11682910
"167383918","Central_4",2015,4,167,1,2,33960,7920,0.23321554770318,"Sí",1,14400060
"167383918","Central_4",2015,5,168,1,2,30360,7080,0.233201581027668,"Sí",1,13228410
"167383918","Central_4",2015,6,169,1,2,16200,3960,0.244444444444444,"Sí",1,6878600
"167383918","Central_4",2015,7,170,2,3,13800,3240,0.234782608695652,"Sí",1,5943880
"167383918","Central_4",2015,8,171,2,3,26160,5760,0.220183486238532,"Sí",1,11004640
"167383918","Central_4",2015,9,172,2,3,43440,9480,0.218232044198895,"Sí",1,18817260
"167383918","Central_4",2015,10,173,2,4,38520,8880,0.230529595015576,"Sí",1,16966000
"167383918","Central_4",2015,11,174,2,4,28560,6720,0.235294117647059,"Sí",1,12931900
"167383918","Central_4",2015,12,175,2,4,15240,3840,0.251968503937008,"Sí",1,7271790
"167383918","Central_4",2016,1,176,1,1,10080,2400,0.238095238095238,"Sí",1,4812860
"167383918","Central_4",2016,2,177,1,1,27480,6480,0.235807860262009,"Sí",1,13381000
"167383918","Central_4",2016,3,178,1,1,25200,5640,0.223809523809524,"Sí",1,13019300
"167383918","Central_4",2016,4,179,1,2,30600,6480,0.211764705882353,"Sí",1,15533460
"167383918","Central_4",2016,5,180,1,2,35280,7560,0.214285714285714,"Sí",1,16287710
"167383918","Central_4",2016,6,181,1,2,13440,2760,0.205357142857143,"Sí",1,5678670
"167383918","Central_4",2016,7,182,2,3,11280,2640,0.234042553191489,"Sí",1,4752310
"167383918","Central_4",2016,8,183,2,3,30960,6480,0.209302325581395,"Sí",1,13323430
"167383918","Central_4",2016,9,184,2,3,25920,5400,0.208333333333333,"Sí",1,11470470
"167383918","Central_4",2016,10,185,2,4,33120,7080,0.213768115942029,"Sí",1,14649280
"167383918","Central_4",2016,11,186,2,4,28680,6120,0.213389121338912,"Sí",1,14303150
"167383918","Central_4",2016,12,187,2,4,11160,2640,0.236559139784946,"Sí",1,5868780
"167383918","Central_4",2017,1,188,1,1,9720,2280,0.234567901234568,"Sí",1,5342500
"167383918","Central_4",2017,2,189,1,1,27360,6000,0.219298245614035,"Sí",1,13820560
"167383918","Central_4",2017,3,190,1,1,34320,7440,0.216783216783217,"Sí",1,16974120
"167383918","Central_4",2017,4,191,1,2,22560,4920,0.218085106382979,"Sí",1,11178780
"167383918","Central_4",2017,5,192,1,2,31680,7080,0.223484848484848,"Sí",1,15706040
"167383918","Central_4",2017,6,193,1,2,14040,3120,0.222222222222222,"Sí",1,7032850
"167383918","Central_4",2017,7,194,2,3,10320,2400,0.232558139534884,"Sí",1,5076500
"167383918","Central_4",2017,8,195,2,3,38400,8400,0.21875,"Sí",1,19218740
"167383918","Central_4",2017,9,196,2,3,34920,7440,0.213058419243986,"Sí",1,17660410
"167383918","Central_4",2017,10,197,2,4,36960,8160,0.220779220779221,"Sí",1,18378650
"167383918","Central_4",2017,11,198,2,4,25320,6000,0.23696682464455,"Sí",1,12739230
"167383918","Central_4",2017,12,199,2,4,12480,3240,0.259615384615385,"Sí",1,6138450
"167383918","Central_4",2018,1,200,1,1,9960,2760,0.27710843373494,"Sí",1,4865590
"167383918","Central_4",2018,2,201,1,1,27120,6720,0.247787610619469,"Sí",1,13627220
"167383918","Central_4",2018,3,202,1,1,31920,8640,0.270676691729323,"Sí",1,16940040
"167383918","Central_4",2018,4,203,1,2,29400,7560,0.257142857142857,"Sí",1,16466230
"167383918","Central_4",2018,5,204,1,2,31080,8160,0.262548262548263,"Sí",1,18313770
"167383918","Central_4",2018,6,205,1,2,32640,3960,0.121323529411765,"Sí",1,16377710
"167383918","Central_4",2018,7,206,2,3,12360,3600,0.29126213592233,"Sí",1,6927820
"167383918","Central_4",2018,8,207,2,3,31800,7920,0.249056603773585,"Sí",1,18385400
"167383918","Central_4",2018,9,208,2,3,31560,7800,0.247148288973384,"Sí",1,18868810
"167383918","Central_4",2018,10,209,2,4,31560,8040,0.254752851711027,"Sí",1,18944690
"167383918","Central_4",2018,11,210,2,4,14760,3960,0.268292682926829,"Sí",1,8739910
"167383918","Central_4",2018,12,211,2,4,9840,2880,0.292682926829268,"Sí",1,5923380
"167383918","Central_4",2019,1,212,1,1,13920,3840,0.275862068965517,"Sí",1,8764680
"167383918","Central_4",2019,2,213,1,1,33960,8040,0.236749116607774,"Sí",1,20501510
"167383918","Central_4",2019,3,214,1,1,20520,4920,0.239766081871345,"Sí",1,12588310
"167383918","Central_4",2019,4,215,1,2,28920,6120,0.211618257261411,"Sí",1,17828550
"167383918","Central_4",2019,5,216,1,2,30840,6480,0.21011673151751,"Sí",1,18736250
"167383918","Central_4",2019,6,217,1,2,26640,5760,0.216216216216216,"Sí",1,15938600
"167383918","Central_4",2019,7,218,2,3,21360,4440,0.207865168539326,"Sí",1,13013050
"167383918","Central_4",2019,8,219,2,3,19560,4440,0.226993865030675,"Sí",1,12005560
"167383918","Central_4",2019,9,220,2,3,32280,6960,0.215613382899628,"Sí",1,20078950
"167383918","Central_4",2019,10,221,2,4,32760,6840,0.208791208791209,"Sí",1,20512730
"167383918","Central_4",2019,12,223,2,4,21720,4920,0.226519337016575,"Sí",1,12876880
"167383918","Central_4",2020,1,224,1,1,14520,3120,0.214876033057851,"Sí",1,8603910
"167383918","Central_4",2020,2,225,1,1,22560,4800,0.212765957446809,"Sí",1,13481110
"167383918","Central_4",2020,3,226,1,1,22320,4800,0.21505376344086,"Sí",1,14243810
"167383918","Central_4",2020,4,227,1,2,3000,840,0.28,"Sí",1,2023470
"167383918","Central_4",2020,5,228,1,2,3000,840,0.28,"Sí",1,1925700
"167383918","Central_4",2020,6,229,1,2,3240,960,0.296296296296296,"Sí",1,2015760
"167383918","Central_4",2020,7,230,2,3,3120,1080,0.346153846153846,"Sí",1,2002730
"167383918","Central_4",2020,8,231,2,3,3000,720,0.24,"Sí",1,1862270
"167383918","Central_4",2020,9,232,2,3,3120,720,0.230769230769231,"Sí",1,2020190
"167383918","Central_4",2020,10,233,2,4,2880,720,0.25,"Sí",1,1850400
"167383918","Central_4",2020,11,234,2,4,3600,960,0.266666666666667,"Sí",1,2310850
"167383918","Central_4",2020,12,235,2,4,4080,1080,0.264705882352941,"Sí",1,2545670
"167383918","Central_4",2021,1,236,1,1,2640,720,0.272727272727273,"Sí",1,1720060
"167383918","Central_4",2021,2,237,1,1,3960,1080,0.272727272727273,"Sí",1,2571660
"167383918","Central_4",2021,3,238,1,1,4080,1080,0.264705882352941,"Sí",1,2686180
"167383918","Central_4",2021,4,239,1,2,3960,1080,0.272727272727273,"Sí",1,2613830
"167383918","Central_4",2021,5,240,1,2,3840,960,0.25,"Sí",1,2559360
"167383918","Central_4",2021,6,241,1,2,4320,1320,0.305555555555556,"Sí",1,2904140
"167383918","Central_4",2021,7,242,2,3,3720,1080,0.290322580645161,"Sí",1,2440950
"167383918","Central_4",2021,8,243,2,3,8160,2040,0.25,"Sí",1,5584770
"167383918","Central_4",2021,9,244,2,3,10320,2280,0.22093023255814,"Sí",1,7129650
"167383918","Central_4",2021,10,245,2,4,10920,2520,0.230769230769231,"Sí",1,7605930
"167383918","Central_4",2021,11,246,2,4,11400,2760,0.242105263157895,"Sí",1,7937450
"167383918","Central_4",2021,12,247,2,4,10920,2760,0.252747252747253,"Sí",1,7746950
"167383918","Central_4",2022,1,248,1,1,7320,1920,0.262295081967213,"Sí",1,5289370
"167383918","Central_4",2022,2,249,1,1,14880,3480,0.233870967741935,"Sí",1,10744210
"167383918","Central_4",2022,3,250,1,1,12360,2760,0.223300970873786,"Sí",1,9003350
"167383918","Central_4",2022,4,251,1,2,19560,4320,0.220858895705521,"Sí",1,14385510
"167383918","Central_4",2022,5,252,1,2,22320,5040,0.225806451612903,"Sí",1,16819150
"167383918","Central_4",2022,6,253,1,2,18120,4080,0.225165562913907,"Sí",1,13428820
"167383918","Central_4",2022,7,254,2,3,16560,3720,0.22463768115942,"Sí",1,12864200
"167383918","Central_4",2022,8,255,2,3,13800,2760,0.2,"Sí",1,10869610
"167383918","Central_4",2022,9,256,2,3,23640,4920,0.208121827411168,"Sí",1,19056010
"167383918","Central_4",2022,10,257,2,4,24240,5520,0.227722772277228,"Sí",1,20233480
"167383918","Central_4",2022,11,258,2,4,25560,6000,0.234741784037559,"Sí",1,21371710
"167383918","Central_4",2022,12,259,2,4,19920,4800,0.240963855421687,"Sí",1,16619800
"167383918","Central_4",2023,1,260,1,1,7080,1200,0.169491525423729,"Sí",1,6028910
"167383918","Central_4",2023,2,261,1,1,25320,5640,0.222748815165877,"Sí",1,21478100
"167383918","Central_4",2023,3,262,1,1,31200,7080,0.226923076923077,"Sí",1,26889960
"167383918","Central_4",2023,4,263,1,2,21360,4680,0.219101123595506,"Sí",1,18689220
"167383918","Central_4",2023,5,264,1,2,30360,6240,0.205533596837945,"Sí",1,26587190
"167383918","Central_4",2023,6,265,1,2,12960,2160,0.166666666666667,"Sí",1,11645190
"167383918","Central_4",2023,7,266,2,3,10080,1440,0.142857142857143,"Sí",1,8577210
"167383918","Central_4",2023,8,267,2,3,30360,5400,0.177865612648221,"Sí",1,27331770
"167383918","Central_4",2023,9,268,2,3,36120,6480,0.179401993355482,"Sí",1,32744240
"167383918","Central_4",2023,10,269,2,4,29400,4800,0.163265306122449,"Sí",1,26828980
"167383918","Central_4",2023,11,270,2,4,24840,4800,0.193236714975845,"Sí",1,23595770
"167383918","Central_4",2023,12,271,2,4,10560,1680,0.159090909090909,"Sí",1,10880450
"167383918","Central_4",2024,1,272,1,1,10440,1440,0.137931034482759,"Sí",1,11104360
"167383918","Central_4",2024,2,273,1,1,30240,4560,0.150793650793651,"Sí",1,32107880
"167383918","Central_4",2024,3,274,1,1,30600,4800,0.156862745098039,"Sí",1,32041600
"167383918","Central_4",2024,5,276,1,2,34920,5520,0.15807560137457,"Sí",1,23416610
"167383918","Central_4",2024,6,277,1,2,17160,2040,0.118881118881119,"Sí",1,22840900
"167383918","Central_4",2024,7,278,2,3,13200,1320,0.1,"Sí",1,14094340
"167383918","Central_4",2024,8,279,2,3,26400,4200,0.159090909090909,"Sí",1,30171270
"167383918","Central_4",2024,9,280,2,3,36720,5880,0.160130718954248,"Sí",1,40839080
"167383918","Central_4",2024,10,281,2,4,29760,4080,0.137096774193548,"Sí",1,31907140
"167383918","Central_4",2024,11,282,2,4,30240,4560,0.150793650793651,"Sí",1,31547480
"167383918","Central_4",2024,12,283,2,4,14520,2640,0.181818181818182,"Sí",1,15415070
"167383918","Central_4",2025,1,284,1,1,12000,1080,0.09,"Sí",1,13102540
"167383918","Central_4",2025,2,285,1,1,22680,3600,0.158730158730159,"Sí",1,25157760
"167383918","Central_4",2025,3,286,1,1,26520,4080,0.153846153846154,"Sí",1,27661940
"167383918","Central_4",2025,4,287,1,2,23520,3720,0.158163265306122,"Sí",1,25448770
"167383918","Central_4",2025,5,288,1,2,27480,4080,0.148471615720524,"Sí",1,30253580
"167383918","Central_4",2025,6,289,1,2,13920,1920,0.137931034482759,"Sí",1,15472440
"167383918","Central_4",2025,7,290,2,3,11280,1080,0.0957446808510638,"Sí",1,13046930
"167383918","Central_4",2025,8,291,2,3,25320,3480,0.137440758293839,"Sí",1,27331390
"167385482","Central_2",2001,5,1,1,2,54600,27000,0.494505494505495,"No",0,11947270
"167385482","Central_2",2001,6,2,1,2,25200,11600,0.46031746031746,"Sí",1,5569590
"167385482","Central_2",2001,7,3,2,3,45000,22200,0.493333333333333,"No",0,10290670
"167385482","Central_2",2001,8,4,2,3,49200,22800,0.463414634146341,"Sí",1,11275020
"167385482","Central_2",2001,9,5,2,3,60800,27600,0.453947368421053,"Sí",1,14335570
"167385482","Central_2",2001,10,6,2,4,46600,24800,0.532188841201717,"No",0,11391390
"167385482","Central_2",2001,11,7,2,4,53400,24800,0.464419475655431,"Sí",1,12083010
"167385482","Central_2",2001,12,8,2,4,24400,9800,0.401639344262295,"Sí",1,5424340
"167385482","Central_2",2002,3,11,1,1,21600,800,0.037037037037037,"Sí",1,5075290
"167385482","Central_2",2002,4,12,1,2,51400,22000,0.428015564202335,"Sí",1,11972420
"167385482","Central_2",2002,5,13,1,2,42000,18400,0.438095238095238,"Sí",1,9829230
"167385482","Central_2",2002,6,14,1,2,34000,12400,0.364705882352941,"Sí",1,8181410
"167385482","Central_2",2002,7,15,2,3,45600,16400,0.359649122807018,"Sí",1,11016740
"167385482","Central_2",2002,8,16,2,3,50800,19600,0.385826771653543,"Sí",1,12470860
"167385482","Central_2",2002,9,17,2,3,57800,22000,0.380622837370242,"Sí",1,13947580
"167385482","Central_2",2002,10,18,2,4,59000,21800,0.369491525423729,"Sí",1,14566010
"167385482","Central_2",2002,11,19,2,4,50800,19800,0.389763779527559,"Sí",1,12825420
"167385482","Central_2",2002,12,20,2,4,31400,11800,0.375796178343949,"Sí",1,8021470
"167385482","Central_2",2003,1,21,1,1,27400,8000,0.291970802919708,"Sí",1,7083610
"167385482","Central_2",2003,2,22,1,1,58400,18000,0.308219178082192,"Sí",1,15474230
"167385482","Central_2",2003,3,23,1,1,58200,19600,0.336769759450172,"Sí",1,16004630
"167385482","Central_2",2003,4,24,1,2,45600,15400,0.337719298245614,"Sí",1,12607630
"167385482","Central_2",2003,6,26,1,2,50200,12400,0.247011952191235,"Sí",1,13819860
"167385482","Central_2",2003,8,27,2,3,50000,15200,0.304,"Sí",1,14237640
"167385482","Central_2",2003,9,28,2,3,62000,20200,0.325806451612903,"Sí",1,17822470
"167385482","Central_2",2003,10,29,2,4,62000,20800,0.335483870967742,"Sí",1,18135650
"167385482","Central_2",2003,11,30,2,4,43800,15600,0.356164383561644,"Sí",1,13101390
"167385482","Central_2",2003,12,31,2,4,25000,9200,0.368,"Sí",1,7684880
"167385482","Central_2",2004,1,32,1,1,39200,12000,0.306122448979592,"Sí",1,12031460
"167385482","Central_2",2004,2,33,1,1,44200,14400,0.32579185520362,"Sí",1,13641820
"167385482","Central_2",2004,3,34,1,1,63600,18800,0.29559748427673,"Sí",1,19984140
"167385482","Central_2",2004,4,35,1,2,53400,17200,0.322097378277154,"Sí",1,16882000
"167385482","Central_2",2004,5,36,1,2,62000,19400,0.312903225806452,"Sí",1,19929710
"167385482","Central_2",2004,6,37,1,2,42800,11600,0.271028037383178,"Sí",1,13977660
"167385482","Central_2",2004,7,38,2,3,45000,13600,0.302222222222222,"Sí",1,15000050
"167385482","Central_2",2004,8,39,2,3,47600,14800,0.310924369747899,"Sí",1,16053840
"167385482","Central_2",2004,9,40,2,3,63200,19400,0.306962025316456,"Sí",1,21630880
"167385482","Central_2",2004,10,41,2,4,62400,20400,0.326923076923077,"Sí",1,21765920
"167385482","Central_2",2004,11,42,2,4,55400,19400,0.350180505415162,"Sí",1,19386900
"167385482","Central_2",2004,12,43,2,4,32600,11200,0.343558282208589,"Sí",1,11387360
"167385482","Central_2",2005,1,44,1,1,25600,6800,0.265625,"Sí",1,8738600
"167385482","Central_2",2005,2,45,1,1,51600,15000,0.290697674418605,"Sí",1,17511260
"167385482","Central_2",2005,3,46,1,1,59800,17200,0.287625418060201,"Sí",1,20539530
"167385482","Central_2",2005,4,47,1,2,66600,18600,0.279279279279279,"Sí",1,22960910
"167385482","Central_2",2005,5,48,1,2,53400,16600,0.310861423220974,"Sí",1,18460940
"167385482","Central_2",2005,6,49,1,2,54400,18800,0.345588235294118,"Sí",1,18827970
"167385482","Central_2",2005,7,50,2,3,37200,7200,0.193548387096774,"Sí",1,12910010
"167385482","Central_2",2005,8,51,2,3,60000,18200,0.303333333333333,"Sí",1,20465090
"167385482","Central_2",2005,9,52,2,3,72000,19800,0.275,"Sí",1,24397630
"167385482","Central_2",2005,10,53,2,4,55400,17200,0.310469314079422,"Sí",1,18772620
"167385482","Central_2",2005,11,54,2,4,56600,18600,0.328621908127208,"Sí",1,19117130
"167385482","Central_2",2005,12,55,2,4,35800,10400,0.290502793296089,"Sí",1,12192150
"167385482","Central_2",2006,1,56,1,1,30600,9200,0.300653594771242,"Sí",1,10258180
"167385482","Central_2",2006,2,57,1,1,48800,13600,0.278688524590164,"Sí",1,16501190
"167385482","Central_2",2006,3,58,1,1,63800,18200,0.285266457680251,"Sí",1,21780500
"167385482","Central_2",2006,4,59,1,2,46800,13400,0.286324786324786,"Sí",1,15968010
"167385482","Central_2",2006,5,60,1,2,61600,17600,0.285714285714286,"Sí",1,21542060
"167385482","Central_2",2006,6,61,1,2,47800,15200,0.317991631799163,"Sí",1,16801200
"167385482","Central_2",2006,7,62,2,3,35800,11200,0.312849162011173,"Sí",1,12814280
"167385482","Central_2",2006,8,63,2,3,61000,16800,0.275409836065574,"Sí",1,21830970
"167385482","Central_2",2006,9,64,2,3,64600,17400,0.269349845201238,"Sí",1,23033260
"167385482","Central_2",2006,10,65,2,4,60000,18000,0.3,"Sí",1,21289630
"167385482","Central_2",2006,11,66,2,4,51800,18200,0.351351351351351,"Sí",1,18214120
"167385482","Central_2",2006,12,67,2,4,25200,7600,0.301587301587302,"Sí",1,8842300
"167385482","Central_2",2007,1,68,1,1,28000,5600,0.2,"Sí",1,9814740
"167385482","Central_2",2007,2,69,1,1,50000,15800,0.316,"Sí",1,17626560
"167385482","Central_2",2007,3,70,1,1,56600,16800,0.296819787985866,"Sí",1,74186342
"167385482","Central_2",2007,4,71,1,2,39800,12000,0.301507537688442,"Sí",1,37020
"167385482","Central_2",2007,5,72,1,2,37200,11600,0.311827956989247,"Sí",1,NA
"167385482","Central_2",2007,6,73,1,2,41400,14200,0.342995169082126,"Sí",1,NA
"167385482","Central_2",2007,7,74,2,3,37000,10400,0.281081081081081,"Sí",1,NA
"167385482","Central_2",2007,8,75,2,3,54400,17800,0.327205882352941,"Sí",1,9781170
"167385482","Central_2",2007,9,76,2,3,58800,19000,0.32312925170068,"Sí",1,18268470
"167385482","Central_2",2007,10,77,2,4,53400,18800,0.352059925093633,"Sí",1,16706770
"167385482","Central_2",2007,11,78,2,4,56000,19800,0.353571428571429,"Sí",1,17520210
"167385482","Central_2",2007,12,79,2,4,29600,8200,0.277027027027027,"Sí",1,9241450
"167385482","Central_2",2008,1,80,1,1,50200,16800,0.334661354581673,"Sí",1,15681670
"167385482","Central_2",2008,2,81,1,1,32400,6400,0.197530864197531,"Sí",1,10317560
"167385482","Central_2",2008,3,82,1,1,40000,14200,0.355,"Sí",1,13076090
"167385482","Central_2",2008,4,83,1,2,51400,14600,0.284046692607004,"Sí",1,16196970
"167385482","Central_2",2008,5,84,1,2,48000,14200,0.295833333333333,"Sí",1,16666140
"167385482","Central_2",2008,6,85,1,2,47800,14600,0.305439330543933,"Sí",1,16948430
"167385482","Central_2",2008,7,86,2,3,36000,10600,0.294444444444444,"Sí",1,12700400
"167385482","Central_2",2008,8,87,2,3,58600,16200,0.276450511945392,"Sí",1,20964170
"167385482","Central_2",2008,9,88,2,3,66000,19000,0.287878787878788,"Sí",1,23246720
"167385482","Central_2",2008,10,89,2,4,62000,20000,0.32258064516129,"Sí",1,22418010
"167385482","Central_2",2008,11,90,2,4,57200,19200,0.335664335664336,"Sí",1,20682420
"167385482","Central_2",2008,12,91,2,4,29800,9400,0.315436241610738,"Sí",1,11142240
"167385482","Central_2",2009,1,92,1,1,24800,7800,0.314516129032258,"Sí",1,9299170
"167385482","Central_2",2009,2,93,1,1,40200,5000,0.124378109452736,"Sí",1,15234770
"167385482","Central_2",2009,3,94,1,1,64200,25200,0.392523364485981,"Sí",1,24463010
"167385482","Central_2",2009,4,95,1,2,39600,10800,0.272727272727273,"Sí",1,14882450
"167385482","Central_2",2009,5,96,1,2,67600,17800,0.263313609467456,"Sí",1,26004800
"167385482","Central_2",2009,6,97,1,2,45600,11200,0.245614035087719,"Sí",1,17629540
"167385482","Central_2",2009,7,98,2,3,38400,7800,0.203125,"Sí",1,14857410
"167385482","Central_2",2009,8,99,2,3,50600,11400,0.225296442687747,"Sí",1,19758690
"167385482","Central_2",2009,9,100,2,3,79200,13400,0.169191919191919,"Sí",1,31235340
"167385482","Central_2",2009,10,101,2,4,66400,12400,0.186746987951807,"Sí",1,26000540
"167385482","Central_2",2009,11,102,2,4,62200,10200,0.163987138263666,"Sí",1,25035580
"167385482","Central_2",2009,12,103,2,4,44400,7800,0.175675675675676,"Sí",1,18211600
"167385482","Central_2",2010,1,104,1,1,29400,3800,0.129251700680272,"Sí",1,11918720
"167385482","Central_2",2010,2,105,1,1,72600,12800,0.176308539944904,"Sí",1,30333440
"167385482","Central_2",2010,3,106,1,1,62400,16200,0.259615384615385,"Sí",1,24746640
"167385482","Central_2",2010,4,107,1,2,68000,20200,0.297058823529412,"Sí",1,26157910
"167385482","Central_2",2010,5,108,1,2,63800,19400,0.304075235109718,"Sí",1,23449720
"167385482","Central_2",2010,6,109,1,2,21800,7000,0.321100917431193,"Sí",1,13164010
"167385482","Central_2",2010,7,110,2,3,33100,9152,0.276495468277946,"Sí",1,11752880
"167385482","Central_2",2010,8,111,2,3,57400,13800,0.240418118466899,"Sí",1,20379940
"167385482","Central_2",2010,9,112,2,3,75800,18200,0.240105540897098,"Sí",1,27182000
"167385482","Central_2",2010,10,113,2,4,69200,17200,0.248554913294798,"Sí",1,25063240
"167385482","Central_2",2010,11,114,2,4,68200,17200,0.252199413489736,"Sí",1,24336930
"167385482","Central_2",2010,12,115,2,4,45400,11200,0.246696035242291,"Sí",1,16224820
"167385482","Central_2",2011,1,116,1,1,37600,9800,0.26063829787234,"Sí",1,12739300
"167385482","Central_2",2011,2,117,1,1,69200,15400,0.222543352601156,"Sí",1,25074090
"167385482","Central_2",2011,3,118,1,1,76600,15000,0.195822454308094,"Sí",1,28066120
"167385482","Central_2",2011,4,119,1,2,65000,12600,0.193846153846154,"Sí",1,24025460
"167385482","Central_2",2011,5,120,1,2,72600,13400,0.184573002754821,"Sí",1,27102920
"167385482","Central_2",2011,6,121,1,2,42400,10000,0.235849056603774,"Sí",1,15986840
"167385482","Central_2",2011,7,122,2,3,42000,10400,0.247619047619048,"Sí",1,15994540
"167385482","Central_2",2011,8,123,2,3,78600,16000,0.203562340966921,"Sí",1,30231950
"167385482","Central_2",2011,9,124,2,3,93200,20000,0.214592274678112,"Sí",1,36385130
"167385482","Central_2",2011,10,125,2,4,54400,11400,0.209558823529412,"Sí",1,21556330
"167385482","Central_2",2011,11,126,2,4,42200,9000,0.213270142180095,"Sí",1,17158710
"167385482","Central_2",2011,12,127,2,4,47200,9400,0.199152542372881,"Sí",1,20496680
"167385482","Central_2",2012,1,128,1,1,41200,8000,0.194174757281553,"Sí",1,17422060
"167385482","Central_2",2012,2,129,1,1,64680,0,0,"Sí",1,23776060
"167385482","Central_2",2012,3,130,1,1,113520,0,0,"Sí",1,42564730
"167385482","Central_2",2012,4,131,1,2,100320,0,0,"Sí",1,38373360
"167385482","Central_2",2012,5,132,1,2,122760,0,0,"Sí",1,47888190
"167385482","Central_2",2012,6,133,1,2,99000,0,0,"Sí",1,39392340
"167385482","Central_2",2012,7,134,2,3,72600,0,0,"Sí",1,29471190
"167385482","Central_2",2012,8,135,2,3,102960,0,0,"Sí",1,42627330
"167385482","Central_2",2012,9,136,2,3,129360,0,0,"Sí",1,47059020
"167385482","Central_2",2012,10,137,2,4,113520,0,0,"Sí",1,37964640
"167385482","Central_2",2013,1,140,1,1,55440,0,0,"Sí",1,18601580
"167385482","Central_2",2013,2,141,1,1,88440,0,0,"Sí",1,29786350
"167385482","Central_2",2013,3,142,1,1,102960,0,0,"Sí",1,35109710
"167385482","Central_2",2013,4,143,1,2,141240,0,0,"Sí",1,47305440
"167385482","Central_2",2013,5,144,1,2,113520,0,0,"Sí",1,39364230
"167385482","Central_2",2013,6,145,1,2,91080,0,0,"Sí",1,33125020
"167385482","Central_2",2013,7,146,2,3,7920,0,0,"Sí",1,3494590
"167385482","Central_2",2013,8,147,2,3,10124,0,0,"Sí",1,2866920
"167385482","Central_2",2013,9,148,2,3,130548,0,0,"Sí",1,36973830
"167385482","Central_2",2013,10,149,2,4,139115,16896,0.121453473744744,"Sí",1,39347120
"167385482","Central_2",2013,11,150,2,4,126192,63479,0.503035057689869,"No",0,89692560
"167385482","Central_2",2013,12,151,2,4,89549,45527,0.508403220583144,"No",0,34695486
"167385482","Central_2",2014,1,152,1,1,71874,36577,0.508904471714389,"No",0,19234924
"167385482","Central_2",2014,2,153,1,1,116437,58423,0.501756314573546,"No",0,31415450
"167385482","Central_2",2014,3,154,1,1,137834,69274,0.502590072115733,"No",0,38269110
"167385482","Central_2",2014,4,155,1,2,58595,29476,0.50304633501152,"No",0,15979330
"167385482","Central_2",2014,5,156,1,2,134336,67426,0.50192055740829,"No",0,38774630
"167385482","Central_2",2014,6,157,1,2,86460,43864,0.507332870691649,"No",0,25002130
"167385482","Central_2",2014,7,158,2,3,82302,41620,0.505698524944716,"No",0,23305320
"167385482","Central_2",2014,8,159,2,3,110801,56298,0.508100107399753,"No",0,31852540
"167385482","Central_2",2014,9,160,2,3,154176,77312,0.501452885014529,"No",0,44766810
"167385482","Central_2",2014,10,161,2,4,148394,74342,0.500977128455328,"No",0,43550220
"167385482","Central_2",2014,11,162,2,4,129994,65287,0.502230872194101,"No",0,37544890
"167385482","Central_2",2014,12,163,2,4,85127,43032,0.505503541767007,"No",0,24931970
"167385482","Central_2",2015,1,164,1,1,60258,31310,0.519599057386571,"No",0,19044190
"167385482","Central_2",2015,2,165,1,1,123697,62172,0.502615261485727,"No",0,39111380
"167385482","Central_2",2015,3,166,1,1,143484,71768,0.500181204873017,"No",0,46926270
"167385482","Central_2",2015,4,167,1,2,139022,69722,0.501517745392816,"No",0,45629260
"167385482","Central_2",2015,5,168,1,2,144751,72613,0.501640748595865,"No",0,46666840
"167385482","Central_2",2015,6,169,1,2,86737,43943,0.506623470952419,"No",0,28878280
"167385482","Central_2",2015,7,170,2,3,87490,43969,0.502560292604869,"No",0,28582550
"167385482","Central_2",2015,8,171,2,3,125017,62687,0.501427805818409,"No",0,42427670
"167385482","Central_2",2015,9,172,2,3,167759,84256,0.502244290917328,"No",0,56187720
"167385482","Central_2",2015,10,173,2,4,156354,78434,0.50164370594932,"No",0,54213840
"167385482","Central_2",2015,11,174,2,4,136343,68574,0.502952113419831,"No",0,47096500
"167385482","Central_2",2015,12,175,2,4,77128,39468,0.511720775853127,"No",0,27207300
"167385482","Central_2",2016,1,176,1,1,73326,37554,0.512151215121512,"No",0,33459510
"167385482","Central_2",2016,2,177,1,1,146216,73379,0.501853422334081,"No",0,67415890
"167385482","Central_2",2016,3,178,1,1,130640,66040,0.505511328842621,"No",0,59909150
"167385482","Central_2",2016,4,179,1,2,139880,70567,0.504482413497283,"No",0,63112570
"167385482","Central_2",2016,5,180,1,2,137755,69656,0.505651337519509,"No",0,56916110
"167385482","Central_2",2016,6,181,1,2,86552,44286,0.511669285516221,"No",0,36697200
"167385482","Central_2",2016,7,182,2,3,70580,36406,0.515811844715217,"No",0,30016080
"167385482","Central_2",2016,8,183,2,3,126482,64020,0.506158979143277,"No",0,53630670
"167385482","Central_2",2016,9,184,2,3,130535,65868,0.504600298770445,"No",0,55684880
"167385482","Central_2",2016,10,185,2,4,121453,61908,0.509728042946654,"No",0,50391210
"167385482","Central_2",2016,11,186,2,4,130165,65842,0.505834901855337,"No",0,55678380
"167385482","Central_2",2016,12,187,2,4,64324,33409,0.51938623219949,"No",0,29430630
"167385482","Central_2",2017,1,188,1,1,63320,33185,0.524084017687934,"No",0,25742650
"167385482","Central_2",2017,2,189,1,1,122602,61868,0.504624720640773,"No",0,48112860
"167385482","Central_2",2017,3,190,1,1,137412,69419,0.505188775361686,"No",0,53021500
"167385482","Central_2",2017,4,191,1,2,114259,57908,0.506813467648063,"No",0,49873440
"167385482","Central_2",2017,5,192,1,2,135775,68521,0.504665807401952,"No",0,58595620
"167385482","Central_2",2017,6,193,1,2,80863,41197,0.509466628742441,"No",0,34547320
"167385482","Central_2",2017,7,194,2,3,80692,41065,0.508910424825261,"No",0,35490510
"167385482","Central_2",2017,8,195,2,3,149820,75504,0.503964757709251,"No",0,70877970
"167385482","Central_2",2017,9,196,2,3,162809,81866,0.502834609880289,"No",0,75726550
"167385482","Central_2",2017,10,197,2,4,135828,68587,0.504954795771122,"No",0,63736820
"167385482","Central_2",2017,11,198,2,4,131182,66211,0.504726258175664,"No",0,62207660
"167385482","Central_2",2017,12,199,2,4,59928,31865,0.531721399012148,"No",0,30752660
"167385482","Central_2",2018,1,200,1,1,65446,34729,0.530651223909788,"No",0,33444450
"167385482","Central_2",2018,2,201,1,1,128594,65366,0.508312985053735,"No",0,90247330
"167385482","Central_2",2018,3,202,1,1,122747,62502,0.50919370738185,"No",0,21856250
"167385482","Central_2",2018,4,203,1,2,128608,64891,0.50456425727793,"No",0,57576850
"167385482","Central_2",2018,5,204,1,2,142124,71544,0.503391404688863,"No",0,62911320
"167385482","Central_2",2018,6,205,1,2,75227,38122,0.506759541122203,"No",0,34464040
"167385482","Central_2",2018,7,206,2,3,79464,40234,0.506317326084768,"No",0,36740510
"167385482","Central_2",2018,8,207,2,3,149833,75412,0.503307015143526,"No",0,70297160
"167385482","Central_2",2018,9,208,2,3,154757,77629,0.501618666683898,"No",0,73462980
"167385482","Central_2",2018,10,209,2,4,133808,67254,0.502615688150185,"No",0,63407960
"167385482","Central_2",2018,11,210,2,4,97693,49183,0.503444463779391,"No",0,46280710
"167385482","Central_2",2018,12,211,2,4,63743,33172,0.520402240245988,"No",0,31018910
"167385482","Central_2",2019,1,212,1,1,92677,47454,0.512036427592607,"No",0,44162390
"167385482","Central_2",2019,2,213,1,1,139762,70184,0.502167971265437,"No",0,63877920
"167385482","Central_2",2019,3,214,1,1,113203,57077,0.504200418716818,"No",0,51357410
"167385482","Central_2",2019,4,215,1,2,123803,62660,0.506126668982173,"No",0,62553850
"167385482","Central_2",2019,5,216,1,2,157384,78936,0.501550348192955,"No",0,75631170
"167385482","Central_2",2019,6,217,1,2,105204,52853,0.502385840842554,"No",0,49503730
"167385482","Central_2",2019,7,218,2,3,132871,66568,0.500997207818109,"No",0,63183820
"167385482","Central_2",2019,8,219,2,3,100822,50675,0.502618476126242,"No",0,48682880
"167385482","Central_2",2019,9,220,2,3,155971,78052,0.500426361310756,"No",0,75737140
"167385482","Central_2",2019,10,221,2,4,139682,70013,0.501231368393923,"No",0,67270630
"167385482","Central_2",2019,11,222,2,4,109798,55018,0.501083808448241,"No",0,52877790
"167385482","Central_2",2019,12,223,2,4,88572,44563,0.50312739917807,"No",0,42520010
"167385482","Central_2",2020,1,224,1,1,89074,44642,0.501178795159081,"No",0,41789150
"167385482","Central_2",2020,2,225,1,1,116345,58172,0.499995702436718,"No",0,55008220
"167385482","Central_2",2020,3,226,1,1,98696,49355,0.500070924860177,"No",0,46904430
"167385482","Central_2",2020,4,227,1,2,32419,16210,0.500015423054382,"No",0,15502040
"167385482","Central_2",2020,5,228,1,2,34016,17015,0.5002057855127,"No",0,16397490
"167385482","Central_2",2020,6,229,1,2,33805,0,0,"Sí",1,16508640
"167385482","Central_2",2020,7,230,2,3,37488,0,0,"Sí",1,19464540
"167385482","Central_2",2020,8,231,2,3,37092,0,0,"Sí",1,19442250
"167385482","Central_2",2020,9,232,2,3,39323,19681,0.500495892988836,"No",0,20858930
"167385482","Central_2",2020,10,233,2,4,43309,21727,0.501674016947979,"No",0,23307040
"167385482","Central_2",2020,11,234,2,4,43402,21780,0.501820192617852,"No",0,25739670
"167385482","Central_2",2020,12,235,2,4,42860,21490,0.501399906672888,"No",0,22212260
"167385482","Central_2",2021,1,236,1,1,37492,18812,0.501760375546783,"No",0,24329180
"167385482","Central_2",2021,2,237,1,1,43612,21833,0.500619095661744,"No",0,27873860
"167385482","Central_2",2021,3,238,1,1,42804,21512,0.50256985328474,"No",0,24401630
"167385482","Central_2",2021,4,239,1,2,48538,0,0,"Sí",1,29521110
"167385482","Central_2",2021,5,240,1,2,44913,22529,0.501614231959566,"No",0,28446970
"167385482","Central_2",2021,6,241,1,2,39640,20737,0.523133198789102,"No",0,26206880
"167385482","Central_2",2021,7,242,2,3,46087,24454,0.530605159806453,"No",0,29580270
"167385482","Central_2",2021,8,243,2,3,60846,31086,0.510896361305591,"No",0,39347060
"167385482","Central_2",2021,9,244,2,3,76520,38741,0.50628593831678,"No",0,46137270
"167385482","Central_2",2021,10,245,2,4,75091,38062,0.506878320970556,"No",0,51965030
"167385482","Central_2",2021,11,246,2,4,77726,39497,0.508156858708798,"No",0,50850810
"167385482","Central_2",2021,12,247,2,4,66282,34114,0.514679701879847,"No",0,40322790
"167385482","Central_2",2022,1,248,1,1,65140,35317,0.542170709241633,"No",0,44424880
"167385482","Central_2",2022,2,249,1,1,82902,43553,0.525355238715592,"No",0,53743460
"167385482","Central_2",2022,3,250,1,1,85713,46245,0.539533092996395,"No",0,57680470
"167385482","Central_2",2022,4,251,1,2,90914,49250,0.541720747079658,"No",0,61863820
"167385482","Central_2",2022,5,252,1,2,119784,65221,0.54448841247579,"No",0,84923280
"167385482","Central_2",2022,6,253,1,2,87056,50077,0.575227439808859,"No",0,60537310
"167385482","Central_2",2022,7,254,2,3,101016,56275,0.557089965945989,"No",0,79997220
"167385482","Central_2",2022,8,255,2,3,78811,45475,0.577013361079037,"No",0,58645840
"167385482","Central_2",2022,9,256,2,3,118592,63830,0.538231921208851,"No",0,77346450
"167385482","Central_2",2022,10,257,2,4,104198,58481,0.561248776368068,"No",0,76193190
"167385482","Central_2",2022,11,258,2,4,110875,61070,0.550800450958286,"No",0,79542770
"167385482","Central_2",2022,12,259,2,4,77267,49090,0.635329442064529,"No",0,56050020
"167385482","Central_2",2023,1,260,1,1,58597,41479,0.707869003532604,"No",0,43561690
"167385482","Central_2",2023,2,261,1,1,113960,59561,0.522648297648298,"No",0,78955890
"167385482","Central_2",2023,3,262,1,1,123733,65277,0.527563382444457,"No",0,90324210
"167385482","Central_2",2023,4,263,1,2,100473,54640,0.543827695002638,"No",0,69230010
"167385482","Central_2",2023,5,264,1,2,133816,68427,0.51135140790339,"No",0,89559090
"167385482","Central_2",2023,6,265,1,2,70858,41826,0.590279149848994,"No",0,62343130
"167385482","Central_2",2023,7,266,2,3,75596,41682,0.551378379808455,"No",0,53179380
"167385482","Central_2",2023,8,267,2,3,152443,76955,0.504811634512572,"No",0,104047420
"167385482","Central_2",2023,9,268,2,3,164751,83935,0.509465799904098,"No",0,107981470
"167385482","Central_2",2023,10,269,2,4,145731,73621,0.505184209262271,"No",0,98492050
"167385482","Central_2",2023,11,270,2,4,133247,66983,0.502697996953027,"No",0,93265300
"167385482","Central_2",2023,12,271,2,4,63732,38225,0.599777191991464,"No",0,47498590
"167385482","Central_2",2024,1,272,1,1,75510,43680,0.578466428287644,"No",0,53872870
"167385482","Central_2",2024,2,273,1,1,146188,73574,0.503283443237475,"No",0,99456450
"167385482","Central_2",2024,3,274,1,1,132994,69999,0.526332014978119,"No",0,94698700
"167385482","Central_2",2024,4,275,1,2,149518,75251,0.503290573710189,"No",0,104766740
"167385482","Central_2",2024,5,276,1,2,138709,69583,0.501647333626513,"No",0,102914280
"167385482","Central_2",2024,6,277,1,2,59956,32450,0.541230235506038,"No",0,45987610
"167385482","Central_2",2024,7,278,2,3,79494,43357,0.545412232369739,"No",0,60948960
"167385482","Central_2",2024,8,279,2,3,136540,70171,0.513922660026366,"No",0,96838430
"167385482","Central_2",2024,9,280,2,3,159447,80390,0.504180072375147,"No",0,108334710
"167385482","Central_2",2024,10,281,2,4,138631,71141,0.51316805043605,"No",0,96366670
"167385482","Central_2",2024,11,282,2,4,119016,62057,0.521417288431807,"No",0,85896420
"167385482","Central_2",2024,12,283,2,4,61770,35859,0.58052452646916,"No",0,52199230
"167385482","Central_2",2025,1,284,1,1,68375,42625,0.623400365630713,"No",0,53110580
"167385482","Central_2",2025,2,285,1,1,123614,63175,0.511066707654473,"No",0,94217450
"167385482","Central_2",2025,3,286,1,1,118890,60850,0.511817646564051,"No",0,92699280
"167385482","Central_2",2025,4,287,1,2,106458,53607,0.503550696049146,"No",0,86821200
"167385482","Central_2",2025,5,288,1,2,120812,60887,0.503981392576896,"No",0,101802500
"167385482","Central_2",2025,6,289,1,2,54586,1187,0.021745502509801,"Sí",1,42689470
"167385482","Central_2",2025,7,290,2,3,75112,861,0.0114628820960699,"Sí",1,60532700
"167385482","Central_2",2025,8,291,2,3,124040,62065,0.500362786198001,"No",0,95498920
"357154485","Central_5",2004,1,32,1,1,640,0,0,"Sí",1,196340
"357154485","Central_5",2004,2,33,1,1,460,0,0,"Sí",1,141970
"357154485","Central_5",2004,3,34,1,1,240,0,0,"Sí",1,76120
"357154485","Central_5",2004,4,35,1,2,300,0,0,"Sí",1,95010
"357154485","Central_5",2004,5,36,1,2,540,0,0,"Sí",1,173570
"357154485","Central_5",2004,6,37,1,2,260,0,0,"Sí",1,84910
"357154485","Central_5",2004,7,38,2,3,340,0,0,"Sí",1,113330
"357154485","Central_5",2004,8,39,2,3,380,0,0,"Sí",1,128160
"357154485","Central_5",2004,9,40,2,3,640,0,0,"Sí",1,219050
"357154485","Central_5",2004,10,41,2,4,500,0,0,"Sí",1,174410
"357154485","Central_5",2004,11,42,2,4,480,0,0,"Sí",1,167970
"357154485","Central_5",2004,12,43,2,4,60,0,0,"Sí",1,20960
"357154485","Central_5",2005,1,44,1,1,240,0,0,"Sí",1,81900
"357154485","Central_5",2005,2,45,1,1,320,0,0,"Sí",1,108580
"357154485","Central_5",2005,3,46,1,1,600,0,0,"Sí",1,206080
"357154485","Central_5",2005,4,47,1,2,500,0,0,"Sí",1,172370
"357154485","Central_5",2005,5,48,1,2,580,0,0,"Sí",1,200510
"357154485","Central_5",2005,6,49,1,2,340,0,0,"Sí",1,117680
"357154485","Central_5",2005,7,50,2,3,80,0,0,"Sí",1,27760
"357154485","Central_5",2005,8,51,2,3,440,0,0,"Sí",1,150080
"357154485","Central_5",2005,9,52,2,3,620,0,0,"Sí",1,210090
"357154485","Central_5",2005,10,53,2,4,360,0,0,"Sí",1,121800
"357154485","Central_5",2005,11,54,2,4,340,0,0,"Sí",1,114840
"357154485","Central_5",2005,12,55,2,4,140,0,0,"Sí",1,47880
"357154485","Central_5",2006,1,56,1,1,220,0,0,"Sí",1,73727
"357154485","Central_5",2006,2,57,1,1,520,0,0,"Sí",1,175830
"357154485","Central_5",2006,3,58,1,1,520,0,0,"Sí",1,177520
"357154485","Central_5",2006,4,59,1,2,400,0,0,"Sí",1,134510
"357154485","Central_5",2006,5,60,1,2,260,0,0,"Sí",1,90920
"357154485","Central_5",2006,6,61,1,2,160,0,0,"Sí",1,56240
"357154485","Central_5",2006,7,62,2,3,240,0,0,"Sí",1,85910
"357154485","Central_5",2006,8,63,2,3,480,0,0,"Sí",1,171780
"357154485","Central_5",2006,9,64,2,3,120,0,0,"Sí",1,42790
"357154485","Central_5",2006,10,65,2,4,220,0,0,"Sí",1,77930
"357154485","Central_5",2006,11,66,2,4,180,0,0,"Sí",1,63290
"357154485","Central_5",2006,12,67,2,4,60,0,0,"Sí",1,21050
"357154485","Central_5",2007,2,69,1,1,20,0,0,"Sí",1,446762
"357154485","Central_5",2007,3,70,1,1,880,0,0,"Sí",1,NA
"357154485","Central_5",2007,5,72,1,2,760,0,0,"Sí",1,116030
"357154485","Central_5",2007,6,73,1,2,320,0,0,"Sí",1,99870
"357154485","Central_5",2007,7,74,2,3,100,0,0,"Sí",1,31240
"357154485","Central_5",2007,8,75,2,3,260,0,0,"Sí",1,80700
"357154485","Central_5",2008,1,80,1,1,40,0,0,"Sí",1,12160
"357154485","Central_5",2008,3,82,1,1,800,0,0,"Sí",1,261400
"357154485","Central_5",2008,4,83,1,2,320,0,0,"Sí",1,108590
"357154485","Central_5",2008,5,84,1,2,2440,0,0,"Sí",1,847200
"357154485","Central_5",2008,6,85,1,2,980,0,0,"Sí",1,347480
"357154485","Central_5",2008,7,86,2,3,200,0,0,"Sí",1,69820
"357154485","Central_5",2008,8,87,2,3,1440,0,0,"Sí",1,515160
"357154485","Central_5",2008,9,88,2,3,460,0,0,"Sí",1,166500
"357154485","Central_5",2008,10,89,2,4,80,0,0,"Sí",1,28930
"357154485","Central_5",2008,11,90,2,4,120,0,0,"Sí",1,43390
"357154485","Central_5",2009,2,93,1,1,80,0,0,"Sí",1,29470
"357154485","Central_5",2009,3,94,1,1,140,0,0,"Sí",1,53340
"357154485","Central_5",2009,4,95,1,2,140,0,0,"Sí",1,53600
"357154485","Central_5",2009,6,97,1,2,40,0,0,"Sí",1,15470
"357154485","Central_5",2009,7,98,2,3,80,0,0,"Sí",1,30470
"357154485","Central_5",2009,8,99,2,3,80,0,0,"Sí",1,31240
"357154485","Central_5",2009,9,100,2,3,60,0,0,"Sí",1,23660
"357154485","Central_5",2009,10,101,2,4,100,0,0,"Sí",1,39530
"357154485","Central_5",2009,11,102,2,4,140,0,0,"Sí",1,56340
"357154485","Central_5",2009,12,103,2,4,20,0,0,"Sí",1,8250
"357154485","Central_5",2010,1,104,1,1,60,0,0,"Sí",1,24700
"357154485","Central_5",2010,2,105,1,1,240,0,0,"Sí",1,100280
"357154485","Central_5",2010,3,106,1,1,620,0,0,"Sí",1,245880
"357154485","Central_5",2010,4,107,1,2,120,0,0,"Sí",1,46160
"357154485","Central_5",2010,5,108,1,2,280,0,0,"Sí",1,102920
"357154485","Central_5",2010,6,109,1,2,200,0,0,"Sí",1,72530
"357154485","Central_5",2010,7,110,2,3,60,0,0,"Sí",1,21150
"357154485","Central_5",2010,8,111,2,3,160,0,0,"Sí",1,56810
"357154485","Central_5",2010,9,112,2,3,1140,0,0,"Sí",1,408810
"357154485","Central_5",2010,10,113,2,4,380,0,0,"Sí",1,137630
"357154485","Central_5",2010,11,114,2,4,580,0,0,"Sí",1,206900
"357154485","Central_5",2010,12,115,2,4,100,0,0,"Sí",1,35830
"357154485","Central_5",2011,1,116,1,1,180,0,0,"Sí",1,64660
"357154485","Central_5",2011,2,117,1,1,400,0,0,"Sí",1,144940
"357154485","Central_5",2011,3,118,1,1,80,0,0,"Sí",1,29470
"357154485","Central_5",2011,4,119,1,2,60,0,0,"Sí",1,22180
"357154485","Central_5",2011,5,120,1,2,380,0,0,"Sí",1,141860
"357154485","Central_5",2011,6,121,1,2,520,0,0,"Sí",1,196070
"357154485","Central_5",2011,7,122,2,3,380,0,0,"Sí",1,144470
"357154485","Central_5",2011,8,123,2,3,4420,0,0,"Sí",1,1700070
"357154485","Central_5",2011,9,124,2,3,5580,0,0,"Sí",1,2178420
"357154485","Central_5",2011,10,125,2,4,4240,0,0,"Sí",1,1680130
"357154485","Central_5",2011,11,126,2,4,2040,0,0,"Sí",1,826520
"357154485","Central_5",2011,12,127,2,4,2000,0,0,"Sí",1,824520
"357154485","Central_5",2012,1,128,1,1,1320,0,0,"Sí",1,559190
"357154485","Central_5",2012,2,129,1,1,2860,0,0,"Sí",1,1226700
"357154485","Central_5",2012,3,130,1,1,2780,0,0,"Sí",1,1216240
"357154485","Central_5",2012,4,131,1,2,2680,0,0,"Sí",1,1196110
"357154485","Central_5",2012,5,132,1,2,3040,0,0,"Sí",1,1162640
"357154485","Central_5",2012,6,133,1,2,2660,0,0,"Sí",1,1037660
"357154485","Central_5",2012,7,134,2,3,1820,0,0,"Sí",1,716780
"357154485","Central_5",2012,8,135,2,3,2080,0,0,"Sí",1,771920
"357154485","Central_5",2012,9,136,2,3,3320,0,0,"Sí",1,1256560
"357154485","Central_5",2012,10,137,2,4,2080,0,0,"Sí",1,802990
"357154485","Central_5",2012,11,138,2,4,3240,0,0,"Sí",1,1261380
"357154485","Central_5",2012,12,139,2,4,1860,0,0,"Sí",1,673840
"357154485","Central_5",2013,1,140,1,1,1280,0,0,"Sí",1,488600
"357154485","Central_5",2013,2,141,1,1,980,0,0,"Sí",1,386880
"357154485","Central_5",2013,3,142,1,1,1380,0,0,"Sí",1,534860
"357154485","Central_5",2013,4,143,1,2,3080,0,0,"Sí",1,1139700
"357154485","Central_5",2013,5,144,1,2,2020,0,0,"Sí",1,796440
"357154485","Central_5",2013,6,145,1,2,1180,0,0,"Sí",1,504910
"357154485","Central_5",2013,7,146,2,3,360,0,0,"Sí",1,138070
"357154485","Central_5",2013,9,148,2,3,3060,0,0,"Sí",1,1220650
"357154485","Central_5",2013,10,149,2,4,2300,0,0,"Sí",1,943260
"357154485","Central_5",2013,11,150,2,4,2300,0,0,"Sí",1,884420
"357154485","Central_5",2013,12,151,2,4,980,0,0,"Sí",1,392720
"357154485","Central_5",2014,1,152,1,1,1280,0,0,"Sí",1,504090
"357154485","Central_5",2014,2,153,1,1,2480,0,0,"Sí",1,973610
"357154485","Central_5",2014,3,154,1,1,2620,0,0,"Sí",1,1039170
"357154485","Central_5",2014,4,155,1,2,2780,0,0,"Sí",1,1154600
"357154485","Central_5",2014,5,156,1,2,2200,0,0,"Sí",1,885080
"357154485","Central_5",2014,6,157,1,2,1680,0,0,"Sí",1,775570
"357154485","Central_5",2014,7,158,2,3,1580,0,0,"Sí",1,730820
"357154485","Central_5",2014,8,159,2,3,2360,0,0,"Sí",1,1013590
"357154485","Central_5",2014,9,160,2,3,2940,0,0,"Sí",1,1208120
"357154485","Central_5",2014,10,161,2,4,3240,0,0,"Sí",1,1316310
"357154485","Central_5",2014,11,162,2,4,3480,0,0,"Sí",1,1434020
"357154485","Central_5",2014,12,163,2,4,1520,0,0,"Sí",1,656160
"357154485","Central_5",2015,1,164,1,1,500,0,0,"Sí",1,205250
"357154485","Central_5",2015,2,165,1,1,1720,0,0,"Sí",1,718310
"357154485","Central_5",2015,3,166,1,1,2620,0,0,"Sí",1,1107530
"357154485","Central_5",2015,4,167,1,2,2980,0,0,"Sí",1,1263530
"357154485","Central_5",2015,5,168,1,2,1920,0,0,"Sí",1,836580
"357154485","Central_5",2015,6,169,1,2,1540,0,0,"Sí",1,653890
"357154485","Central_5",2015,7,170,2,3,1640,0,0,"Sí",1,706370
"357154485","Central_5",2015,8,171,2,3,2520,0,0,"Sí",1,1060120
"357154485","Central_5",2015,11,174,2,4,3340,0,0,"Sí",1,567630
"357154485","Central_5",2015,12,175,2,4,1060,0,0,"Sí",1,505450
"357154485","Central_5",2016,1,176,1,1,720,0,0,"Sí",1,340620
"357154485","Central_5",2016,2,177,1,1,2260,0,0,"Sí",1,1100480
"357154485","Central_5",2016,3,178,1,1,1980,0,0,"Sí",1,1022950
"357154485","Central_5",2016,4,179,1,2,2200,0,0,"Sí",1,1063090
"357154485","Central_5",2016,5,180,1,2,3740,0,0,"Sí",1,1706020
"357154485","Central_5",2016,6,181,1,2,1300,0,0,"Sí",1,549280
"357154485","Central_5",2016,7,182,2,3,920,0,0,"Sí",1,387600
"357154485","Central_5",2016,8,183,2,3,3080,0,0,"Sí",1,1325460
"357154485","Central_5",2016,9,184,2,3,2340,0,0,"Sí",1,1035820
"357154485","Central_5",2016,10,185,2,4,3700,0,0,"Sí",1,1623070
"357154485","Central_5",2016,11,186,2,4,2620,0,0,"Sí",1,1317570
"357154485","Central_5",2016,12,187,2,4,2300,0,0,"Sí",1,1168040
"357154485","Central_5",2017,1,188,1,1,920,0,0,"Sí",1,513170
"357154485","Central_5",2017,2,189,1,1,3260,0,0,"Sí",1,1643440
"357154485","Central_5",2017,3,190,1,1,5220,0,0,"Sí",1,2581530
"357154485","Central_5",2017,4,191,1,2,3040,0,0,"Sí",1,1506540
"357154485","Central_5",2017,5,192,1,2,3560,0,0,"Sí",1,1764570
"357154485","Central_5",2017,6,193,1,2,1660,0,0,"Sí",1,831520
"357154485","Central_5",2017,7,194,2,3,1660,0,0,"Sí",1,818450
"357154485","Central_5",2017,8,195,2,3,3500,0,0,"Sí",1,1753920
"357154485","Central_5",2017,9,196,2,3,2580,0,0,"Sí",1,1305010
"357154485","Central_5",2017,10,197,2,4,3400,0,0,"Sí",1,1690580
"357154485","Central_5",2017,11,198,2,4,1900,0,0,"Sí",1,955990
"357154485","Central_5",2017,12,199,2,4,1100,0,0,"Sí",1,546010
"357154485","Central_5",2018,1,200,1,1,240,0,0,"Sí",1,118460
"357154485","Central_5",2018,2,201,1,1,2040,0,0,"Sí",1,1025060
"357154485","Central_5",2018,3,202,1,1,3100,0,0,"Sí",1,1643130
"357154485","Central_5",2018,4,203,1,2,4020,0,0,"Sí",1,2251310
"357154485","Central_5",2018,5,204,1,2,3700,0,0,"Sí",1,2051690
"357154485","Central_5",2018,6,205,1,2,2760,0,0,"Sí",1,1344000
"357154485","Central_5",2018,7,206,2,3,1020,0,0,"Sí",1,575650
"357154485","Central_5",2018,8,207,2,3,3300,0,0,"Sí",1,1907920
"357154485","Central_5",2018,9,208,2,3,3060,0,0,"Sí",1,1829480
"357154485","Central_5",2018,10,209,2,4,3500,0,0,"Sí",1,2102030
"357154485","Central_5",2018,11,210,2,4,640,40,0.0625,"Sí",1,2082900
"357154485","Central_5",2018,12,211,2,4,1480,260,0.175675675675676,"Sí",1,890920
"357154485","Central_5",2019,1,212,1,1,820,180,0.219512195121951,"Sí",1,527190
"357154485","Central_5",2019,2,213,1,1,2640,560,0.212121212121212,"Sí",1,1596820
"357154485","Central_5",2019,3,214,1,1,2700,580,0.214814814814815,"Sí",1,1649980
"357154485","Central_5",2019,4,215,1,2,2440,200,0.0819672131147541,"Sí",1,1505530
"357154485","Central_5",2019,5,216,1,2,3240,320,0.0987654320987654,"Sí",1,1962190
"357154485","Central_5",2019,6,217,1,2,2980,400,0.134228187919463,"Sí",1,1774400
"357154485","Central_5",2019,7,218,2,3,2980,1000,0.335570469798658,"Sí",1,1797460
"357154485","Central_5",2019,8,219,2,3,3640,1100,0.302197802197802,"Sí",1,2200100
"357154485","Central_5",2019,9,220,2,3,3360,760,0.226190476190476,"Sí",1,2084120
"357154485","Central_5",2019,10,221,2,4,3540,620,0.175141242937853,"Sí",1,2209350
"357154485","Central_5",2019,12,223,2,4,1520,340,0.223684210526316,"Sí",1,903050
"357154485","Central_5",2020,1,224,1,1,720,160,0.222222222222222,"Sí",1,428430
"357154485","Central_5",2020,2,225,1,1,2520,740,0.293650793650794,"Sí",1,1505870
"357154485","Central_5",2020,3,226,1,1,1680,440,0.261904761904762,"Sí",1,1072190
"357154485","Central_5",2020,4,227,1,2,120,0,0,"Sí",1,84390
"357154485","Central_5",2020,5,228,1,2,140,0,0,"Sí",1,89870
"357154485","Central_5",2020,6,229,1,2,120,0,0,"Sí",1,77640
"357154485","Central_5",2020,7,230,2,3,80,0,0,"Sí",1,51350
"357154485","Central_5",2020,8,231,2,3,20,0,0,"Sí",1,13190
"357154485","Central_5",2020,9,232,2,3,20,0,0,"Sí",1,13220
"357154485","Central_5",2020,10,233,2,4,20,20,1,"No",0,14520
"357154485","Central_5",2021,1,236,1,1,40,20,0.5,"No",0,25800
"357154485","Central_5",2021,2,237,1,1,60,40,0.666666666666667,"No",0,40580
"357154485","Central_5",2021,8,243,2,3,420,140,0.333333333333333,"Sí",1,287340
"357154485","Central_5",2021,9,244,2,3,840,280,0.333333333333333,"Sí",1,580150
"357154485","Central_5",2021,10,245,2,4,800,300,0.375,"Sí",1,557210
"357154485","Central_5",2021,11,246,2,4,740,180,0.243243243243243,"Sí",1,521040
"357154485","Central_5",2021,12,247,2,4,560,220,0.392857142857143,"Sí",1,397330
"357154485","Central_5",2022,1,248,1,1,260,100,0.384615384615385,"Sí",1,188690
"357154485","Central_5",2022,2,249,1,1,940,580,0.617021276595745,"No",0,698600
"357154485","Central_5",2022,3,250,1,1,1180,1100,0.932203389830508,"No",0,947350
"357154485","Central_5",2022,4,251,1,2,1500,1300,0.866666666666667,"No",0,1203280
"357154485","Central_5",2022,5,252,1,2,1660,1680,1.01204819277108,"No",0,1413940
"357154485","Central_5",2022,6,253,1,2,1280,1500,1.171875,"No",0,1166200
"357154485","Central_5",2022,7,254,2,3,1020,1360,1.33333333333333,"No",0,973190
"357154485","Central_5",2022,8,255,2,3,840,1360,1.61904761904762,"No",0,871950
"357154485","Central_5",2022,9,256,2,3,1180,2660,2.25423728813559,"No",0,1431330
"357154485","Central_5",2022,10,257,2,4,1060,1740,1.64150943396226,"No",0,1173180
"357154485","Central_5",2022,11,258,2,4,860,1900,2.2093023255814,"No",0,1082140
"357154485","Central_5",2022,12,259,2,4,780,1080,1.38461538461538,"No",0,822980
"357154485","Central_5",2023,1,260,1,1,320,700,2.1875,"No",0,397320
"357154485","Central_5",2023,2,261,1,1,820,1240,1.51219512195122,"No",0,881880
"357154485","Central_5",2023,3,262,1,1,1000,1620,1.62,"No",0,1118710
"357154485","Central_5",2023,4,263,1,2,660,1220,1.84848484848485,"No",0,798830
"357154485","Central_5",2023,5,264,1,2,760,1720,2.26315789473684,"No",0,999230
"357154485","Central_5",2023,6,265,1,2,460,1900,4.1304347826087,"No",0,798940
"357154485","Central_5",2023,7,266,2,3,140,320,2.28571428571429,"No",0,185290
"357154485","Central_5",2023,8,267,2,3,900,6340,7.04444444444444,"No",0,2222510
"357154485","Central_5",2023,9,268,2,3,560,1660,2.96428571428571,"No",0,831720
"357154485","Central_5",2023,10,269,2,4,280,340,1.21428571428571,"No",0,303520
"357154485","Central_5",2023,11,270,2,4,520,40,0.0769230769230769,"Sí",1,490300
"357154485","Central_5",2023,12,271,2,4,380,0,0,"Sí",1,390770
"357154485","Central_5",2024,1,272,1,1,260,0,0,"Sí",1,276790
"357154485","Central_5",2024,2,273,1,1,1140,40,0.0350877192982456,"Sí",1,1210310
"357154485","Central_5",2024,3,274,1,1,1260,60,0.0476190476190476,"Sí",1,1319310
"357154485","Central_5",2024,4,275,1,2,1360,80,0.0588235294117647,"Sí",1,1447060
"357154485","Central_5",2024,5,276,1,2,1020,60,0.0588235294117647,"Sí",1,1038610
"357154485","Central_5",2024,6,277,1,2,860,20,0.0232558139534884,"Sí",1,860730
"357154485","Central_5",2024,7,278,2,3,740,100,0.135135135135135,"Sí",1,790140
"357154485","Central_5",2024,8,279,2,3,1420,240,0.169014084507042,"Sí",1,1572250
"357154485","Central_5",2024,9,280,2,3,1640,240,0.146341463414634,"Sí",1,1824150
"357154485","Central_5",2024,10,281,2,4,1380,60,0.0434782608695652,"Sí",1,1479310
"357154485","Central_5",2024,11,282,2,4,1380,80,0.0579710144927536,"Sí",1,1462890
"357154485","Central_5",2024,12,283,2,4,340,0,0,"Sí",1,360950
"357154485","Central_5",2025,1,284,1,1,40,0,0,"Sí",1,44310
"357154485","Central_5",2025,2,285,1,1,900,80,0.0888888888888889,"Sí",1,998120
"357154485","Central_5",2025,3,286,1,1,1180,120,0.101694915254237,"Sí",1,1230780
"357154485","Central_5",2025,4,287,1,2,1100,80,0.0727272727272727,"Sí",1,1190150
"357154485","Central_5",2025,5,288,1,2,1520,120,0.0789473684210526,"Sí",1,1673420
"357154485","Central_5",2025,6,289,1,2,600,20,0.0333333333333333,"Sí",1,667240
"357154485","Central_5",2025,7,290,2,3,420,0,0,"Sí",1,416580
"357154485","Central_5",2025,8,291,2,3,960,120,0.125,"Sí",1,1036260
"847747377","Central_3",2023,6,265,1,2,983,891,0.906408952187182,"No",0,1067600
"847747377","Central_3",2023,8,267,2,3,1657,3300,1.9915509957755,"No",0,2866030
"847747377","Central_3",2023,10,269,2,4,323,521,1.61300309597523,"No",0,501670
"847747377","Central_3",2023,11,270,2,4,2317,4099,1.76909797151489,"No",0,3906630
"847747377","Central_3",2023,12,271,2,4,5280,3300,0.625,"No",0,7126210
"847747377","Central_3",2024,1,272,1,1,4620,3300,0.714285714285714,"No",0,6534370
"847747377","Central_3",2024,2,273,1,1,20460,3960,0.193548387096774,"Sí",1,26795180
"847747377","Central_3",2024,3,274,1,1,21120,3960,0.1875,"Sí",1,27565060
"847747377","Central_3",2024,4,275,1,2,19800,4620,0.233333333333333,"Sí",1,26028270
"847747377","Central_3",2024,5,276,1,2,21780,4620,0.212121212121212,"Sí",1,29131920
"847747377","Central_3",2024,6,277,1,2,7920,2640,0.333333333333333,"Sí",1,10616630
"847747377","Central_3",2024,7,278,2,3,4620,3300,0.714285714285714,"No",0,6491160
"847747377","Central_3",2024,8,279,2,3,19800,3960,0.2,"Sí",1,27119220
"847747377","Central_3",2024,9,280,2,3,27720,4620,0.166666666666667,"Sí",1,38117940
"847747377","Central_3",2024,11,282,2,4,31020,3960,0.127659574468085,"Sí",1,40687880
"847747377","Central_3",2024,12,283,2,4,9240,2640,0.285714285714286,"Sí",1,12475910
"847747377","Central_3",2025,1,284,1,1,5940,2640,0.444444444444444,"Sí",1,8069930
"847747377","Central_3",2025,2,285,1,1,21780,3300,0.151515151515152,"Sí",1,29907470
"847747377","Central_3",2025,3,286,1,1,24420,3960,0.162162162162162,"Sí",1,31629560
"847747377","Central_3",2025,4,287,1,2,19140,3300,0.172413793103448,"Sí",1,25658810
"847747377","Central_3",2025,5,288,1,2,34980,3960,0.113207547169811,"Sí",1,47667360
"847747377","Central_3",2025,6,289,1,2,19140,1980,0.103448275862069,"Sí",1,26347570
"847747377","Central_3",2025,7,290,2,3,14520,1980,0.136363636363636,"Sí",1,20775810
"847747377","Central_3",2025,8,291,2,3,37620,4620,0.12280701754386,"Sí",1,50232270
