"Ano","Mes","Activa","Reactiva","Cant_Cuentas","Cuentas_Reactiva","Relacion","Cumple","Pago_Total","Cuentas_Pagadas","Tiempo"
2000,2,97995,0,1,0,0,"Sí",795340,1,1
2000,3,96381,0,2,0,0,"Sí",806660,2,2
2000,4,409,0,2,0,0,"Sí",710750,2,3
2000,5,388,0,2,0,0,"Sí",836190,2,4
2000,6,376,0,2,0,0,"Sí",807600,2,5
2000,7,380,0,2,0,0,"Sí",824930,2,6
2000,8,331,0,2,0,0,"Sí",937200,2,7
2000,9,361,0,2,0,0,"Sí",830800,2,8
2000,10,408,0,2,0,0,"Sí",832440,2,9
2000,11,600,0,2,0,0,"Sí",426372,2,10
2000,12,666,0,2,0,0,"Sí",6414860,3,11
2001,1,716,0,2,0,0,"Sí",804020,2,12
2001,2,666,0,2,0,0,"Sí",848430,2,13
2001,3,3563,0,2,0,0,"Sí",2658930,3,14
2001,4,3181,0,2,0,0,"Sí",716310,2,15
2001,5,187214,73640,7,5,0.393346651425641,"Sí",50273700,10,16
2001,6,131333,49303,11,7,0.375404506102807,"Sí",43073437,11,17
2001,7,231145,133665,11,7,0.578273378182526,"No",42557910,11,18
2001,8,186818,72026,11,10,0.385541007825798,"Sí",41959095,11,19
2001,9,218165,80410,11,9,0.368574244264662,"Sí",38740813,10,20
2001,10,192164,75728,11,9,0.394080056618305,"Sí",44239935,11,21
2001,11,188062,73425,12,8,0.390429751890334,"Sí",42824225,11,22
2001,12,142739,53730,11,9,0.376421300415444,"Sí",31566363,11,23
2002,1,152410,66835,10,7,0.438521094416377,"Sí",40116438,12,24
2002,2,150345,62577,10,5,0.416222687818019,"Sí",43341209,12,25
2002,3,188749,64238,12,9,0.340335577936837,"Sí",37434647,12,26
2002,4,205177,86880,11,9,0.423439274382606,"Sí",46457246,12,27
2002,5,218122,82997,12,8,0.380507239068045,"Sí",42388625,12,28
2002,6,165106,67037,11,9,0.406024008818577,"Sí",32501046,12,29
2002,7,241690,81742,12,7,0.338210103852042,"Sí",49051518,12,30
2002,8,242554,87034,11,8,0.358823189887613,"Sí",49740382,12,31
2002,9,255713,94053,12,9,0.367806877241282,"Sí",53129859,12,32
2002,10,232738,80088,12,7,0.344112263575351,"Sí",51750477,12,33
2002,11,205973,71009,12,10,0.34474906905274,"Sí",48266719,12,34
2002,12,143736,59279,11,7,0.412415817888351,"Sí",36378367,12,35
2003,1,129741,46001,12,8,0.354560239245882,"Sí",33756837,12,36
2003,2,212245,65673,12,10,0.309420716624655,"Sí",52279425,12,37
2003,3,162656,42040,11,8,0.258459571119418,"Sí",65100892,12,38
2003,4,121986,31030,10,8,0.254373452691292,"Sí",34393322,12,39
2003,5,106951,42530,9,8,0.397658740918738,"Sí",42990840,11,40
2003,6,137367,27970,11,9,0.20361513318337,"Sí",39198930,11,41
2003,7,34815,8420,8,5,0.241849777394801,"Sí",38471240,12,42
2003,8,163600,36030,11,8,0.220232273838631,"Sí",46348691,11,43
2003,9,172211,40580,11,9,0.235641161133725,"Sí",49331610,11,44
2003,10,170371,42070,11,9,0.246931696121993,"Sí",50615917,11,45
2003,11,129547,32420,11,8,0.250256663604715,"Sí",39069970,11,46
2003,12,82278,19070,11,9,0.23177520114733,"Sí",25619850,12,47
2004,1,169802,46840,13,8,0.275850696693796,"Sí",52299780,14,48
2004,2,143420,36160,13,9,0.252126621112816,"Sí",45014871,13,49
2004,3,192102,48170,13,10,0.250752204557995,"Sí",61303970,13,50
2004,4,157396,42030,13,10,0.267033469719688,"Sí",50529300,14,51
2004,5,182104,49240,13,10,0.270394939155647,"Sí",59342870,14,52
2004,6,125891,28420,12,9,0.225750847955771,"Sí",45104710,14,53
2004,7,142203,34660,13,9,0.243736067452867,"Sí",47645785,13,54
2004,8,148589,35600,13,9,0.239587048839416,"Sí",50412260,13,55
2004,9,173736,47420,13,8,0.272942855827232,"Sí",59825950,13,56
2004,10,175698,47650,11,8,0.271203997768899,"Sí",62038630,14,57
2004,11,156807,44100,12,7,0.281237444756931,"Sí",55036900,12,58
2004,12,105257,29310,12,7,0.278461289985464,"Sí",36987800,12,59
2005,1,86424,22190,12,7,0.256757382208646,"Sí",29565970,12,60
2005,2,150441,38460,12,9,0.255648393722456,"Sí",51125930,12,61
2005,3,158758,37490,12,7,0.236145580065257,"Sí",54622700,12,62
2005,4,178181,40180,12,8,0.225501035463938,"Sí",61476040,12,63
2005,5,149262,38230,12,8,0.256126810574694,"Sí",51713500,12,64
2005,6,151639,42720,12,8,0.281721720665528,"Sí",52601120,12,65
2005,7,110260,27700,11,8,0.251224378741157,"Sí",38509360,12,66
2005,8,172165,46580,12,8,0.27055441001365,"Sí",58722870,12,67
2005,9,196107,49080,12,8,0.250271535437287,"Sí",66669900,12,68
2005,10,148900,40980,11,8,0.275218267293486,"Sí",51485440,12,69
2005,11,157380,43760,11,8,0.278053119837336,"Sí",54198230,13,70
2005,12,105020,27070,11,8,0.257760426585412,"Sí",36797780,13,71
2006,1,116330,45720,13,8,0.393019857302501,"Sí",39604894,13,72
2006,2,163073,44340,13,9,0.271902767472236,"Sí",54841390,13,73
2006,3,189548,52930,13,10,0.279243252368793,"Sí",64595060,13,74
2006,4,140714,40530,13,9,0.288031041687394,"Sí",47842140,13,75
2006,5,185027,51170,12,9,0.276554232625509,"Sí",64665940,13,76
2006,6,151631,52100,12,8,0.343597285515495,"Sí",53389760,13,77
2006,7,135825,47480,12,9,0.349567458126265,"Sí",48768980,13,78
2006,8,215530,67170,12,9,0.311650350299262,"Sí",75544940,13,79
2006,9,229871,70930,12,9,0.308564368711147,"Sí",79978920,13,80
2006,10,216848,68610,12,9,0.316396738729433,"Sí",74902840,13,81
2006,11,175146,62590,12,9,0.35735900334578,"Sí",59906370,13,82
2006,12,143549,46790,14,9,0.325951417286084,"Sí",49383370,14,83
2007,1,145571,48000,13,9,0.329736005110908,"Sí",49238870,13,84
2007,2,216814,66830,13,9,0.308236552990121,"Sí",81026286,14,85
2007,3,222693,65350,13,9,0.293453319143395,"Sí",217931873,10,86
2007,4,163020,50750,11,8,0.311311495522022,"Sí",13202370,8,87
2007,5,155546,60720,12,8,0.390366836819976,"Sí",11264630,8,88
2007,6,183883,46420,12,7,0.252443129598712,"Sí",18498150,9,89
2007,7,167475,51560,13,8,0.30786684579788,"Sí",28910500,11,90
2007,8,216738,64870,13,9,0.299301460749845,"Sí",57442789,13,91
2007,9,226852,68600,11,7,0.302399802514415,"Sí",75448276,14,92
2007,10,213098,67800,11,8,0.318163474082347,"Sí",67135960,13,93
2007,11,208902,67040,12,8,0.320916027611033,"Sí",65423400,13,94
2007,12,134712,50390,12,9,0.37405724805511,"Sí",42456250,13,95
2008,1,189912,63120,13,8,0.332364463541008,"Sí",59352190,14,96
2008,2,155128,57460,12,9,0.370403795575267,"Sí",50681630,14,97
2008,3,163359,57460,13,8,0.351740644837444,"Sí",54782580,14,98
2008,4,207948,67140,13,9,0.32286917883317,"Sí",70043560,14,99
2008,5,196571,64580,13,9,0.32853269302186,"Sí",67296750,14,100
2008,6,200831,70050,13,9,0.348800732954574,"Sí",72505600,14,101
2008,7,171925,63030,14,9,0.366613348843973,"Sí",60548370,15,102
2008,8,235353,74780,14,9,0.317735486694455,"Sí",83868040,15,103
2008,9,240030,74660,14,9,0.311044452776736,"Sí",85127160,15,104
2008,10,239089,79190,13,9,0.331215572443734,"Sí",86513320,15,105
2008,11,200788,68150,13,9,0.339412713907206,"Sí",73121220,15,106
2008,12,142664,53670,12,9,0.376198620534963,"Sí",53890080,14,107
2009,1,122263,45970,12,9,0.375992736968666,"Sí",46789200,14,108
2009,2,180805,50550,13,9,0.27958297613451,"Sí",68907360,15,109
2009,3,218065,74880,14,9,0.343383853438195,"Sí",82514220,15,110
2009,4,157541,51160,14,9,0.324740861109172,"Sí",59641920,15,111
2009,5,227512,68790,13,9,0.302357677836773,"Sí",87251080,14,112
2009,6,173929,52470,14,9,0.301674821335143,"Sí",67361730,15,113
2009,7,169086,53650,14,9,0.317294158002437,"Sí",65460630,15,114
2009,8,200984,56680,14,8,0.282012498507344,"Sí",78149260,15,115
2009,9,283750,73790,14,8,0.260052863436123,"Sí",111780660,15,116
2009,10,237751,65560,14,8,0.275750680333626,"Sí",93859410,15,117
2009,11,228821,60620,14,8,0.264923236940665,"Sí",92237260,15,118
2009,12,191849,59330,14,8,0.30925363176248,"Sí",78769920,15,119
2010,1,139630,43920,14,8,0.314545584759722,"Sí",56374930,15,120
2010,2,258529,55732,15,9,0.215573494656305,"Sí",107859860,15,121
2010,3,222898,51310,15,9,0.230194977074716,"Sí",87607730,15,122
2010,4,245247,61780,15,8,0.251909299604073,"Sí",94916190,16,123
2010,5,231248,58150,15,8,0.251461634262783,"Sí",85998002,16,124
2010,6,122009,34150,15,10,0.279897384619167,"Sí",54448920,15,125
2010,7,168206,45812,15,10,0.272356515225378,"Sí",59902180,15,126
2010,8,202903,57110,15,9,0.281464542170397,"Sí",71102960,15,127
2010,9,260437,63360,15,10,0.243283404431782,"Sí",90595190,15,128
2010,10,238095,62090,14,10,0.260778260778261,"Sí",75912450,14,129
2010,11,200943,48770,15,9,0.242705642893756,"Sí",70742870,15,130
2010,12,145703,36520,15,10,0.250646863825728,"Sí",53108860,15,131
2011,1,127982,34990,15,10,0.273397821568658,"Sí",43243720,15,132
2011,2,208340,47550,15,9,0.22823269655371,"Sí",74140990,15,133
2011,3,225751,47770,15,9,0.211604821241102,"Sí",82113169,16,134
2011,4,182789,37530,14,9,0.205318700797094,"Sí",63947830,12,135
2011,5,230403,47140,15,9,0.20459803040759,"Sí",84383350,16,136
2011,6,149474,36780,15,10,0.246062860430577,"Sí",59706210,16,137
2011,7,138462,34740,13,8,0.250899163669454,"Sí",53057860,16,138
2011,8,259686,57170,15,10,0.220150489437243,"Sí",97705550,16,139
2011,9,282583,63980,15,10,0.226411355247839,"Sí",108413330,16,140
2011,10,199845,48610,15,10,0.24323850984513,"Sí",76289640,16,141
2011,11,170459,41350,15,10,0.242580327234115,"Sí",66602910,16,142
2011,12,161396,41430,15,10,0.256697811593844,"Sí",65072950,16,143
2012,1,163428,38900,15,8,0.238025307780796,"Sí",67432460,16,144
2012,2,196117,31210,15,9,0.159139697221557,"Sí",78804970,16,145
2012,3,231155,27050,14,8,0.117021046483961,"Sí",107165360,16,146
2012,4,200606,24190,14,8,0.120584628575416,"Sí",81299190,16,147
2012,5,252743,29050,14,8,0.114938890493505,"Sí",96351480,15,148
2012,6,207827,25630,14,8,0.123323725983631,"Sí",79797830,15,149
2012,7,172269,25290,14,8,0.14680528708009,"Sí",66249690,15,150
2012,8,215402,25250,14,8,0.117222681312151,"Sí",82860410,15,151
2012,9,266572,26900,14,8,0.100910823342287,"Sí",96280710,15,152
2012,10,225990,20750,14,8,0.0918182220452232,"Sí",79030940,15,153
2012,11,111915,20380,12,7,0.182102488495733,"Sí",76973640,15,154
2012,12,75651,14300,11,7,0.189025921666601,"Sí",62658410,15,155
2013,1,163014,18690,13,8,0.114652729213442,"Sí",67266800,15,156
2013,2,205069,20952,13,9,0.102170488957375,"Sí",78314520,15,157
2013,3,236250,24060,14,8,0.10184126984127,"Sí",89246960,16,158
2013,4,321709,36797,14,10,0.114379765564532,"Sí",116684070,16,159
2013,5,268068,33023,14,10,0.123188892370593,"Sí",100663440,16,160
2013,6,243363,37051,14,10,0.152245822084705,"Sí",98900730,16,161
2013,7,128645,30300,14,10,0.235531890085118,"Sí",50219350,16,162
2013,8,129570,30553,9,9,0.235803040827352,"Sí",61304070,16,163
2013,9,275778,34256,14,9,0.124215854781745,"Sí",105789270,16,164
2013,10,301949,50861,14,10,0.168442352847666,"Sí",116641370,16,165
2013,11,261999,92217,14,10,0.351974625857351,"Sí",153155940,16,166
2013,12,184303,64872,13,9,0.351985588948634,"Sí",86012246,16,167
2014,1,166225,56516,14,9,0.339996992028877,"Sí",55026004,15,168
2014,2,251853,85463,14,10,0.339336835376192,"Sí",94024040,16,169
2014,3,268149,97698,14,10,0.364342212725015,"Sí",88695660,15,170
2014,4,210423,65437,14,10,0.310978362631461,"Sí",75990480,15,171
2014,5,283392,98965,14,10,0.349215927055104,"Sí",96726280,15,172
2014,6,210443,72413,14,10,0.344097926754513,"Sí",79725750,15,173
2014,7,200380,68694,14,10,0.342818644575307,"Sí",70762420,15,174
2014,8,264810,105427,14,10,0.398123182659265,"Sí",94172750,15,175
2014,9,314142,112330,13,9,0.357577146640691,"Sí",115350590,15,176
2014,10,353440,129188,14,10,0.36551607062019,"Sí",111484570,15,177
2014,11,277464,100148,14,10,0.360940518409595,"Sí",96468190,15,178
2014,12,186596,68850,14,10,0.368978970610302,"Sí",66622690,15,179
2015,1,145998,55394,13,9,0.379416156385704,"Sí",53499400,15,180
2015,2,267068,95259,13,10,0.356684439917924,"Sí",97816000,15,181
2015,3,290402,105654,13,10,0.363819808403523,"Sí",107942000,15,182
2015,4,294184,107138,13,10,0.36418703940391,"Sí",109701580,15,183
2015,5,294470,109109,13,10,0.370526709002615,"Sí",109408800,15,184
2015,6,216736,79673,13,10,0.367603905211871,"Sí",81131000,15,185
2015,7,195632,75599,13,10,0.386434734603746,"Sí",72082760,15,186
2015,8,281332,101111,13,10,0.359400992421765,"Sí",105345420,15,187
2015,9,391831,138763,13,9,0.354139922568658,"Sí",150197490,15,188
2015,10,352194,129524,13,9,0.367763221406384,"Sí",137761200,15,189
2015,11,302422,102799,14,9,0.339919053508012,"Sí",118008140,15,190
2015,12,167502,62812,14,9,0.374992537402538,"Sí",69006800,15,191
2016,1,159548,59844,13,7,0.375084614034648,"Sí",73513950,14,192
2016,2,295334,104769,14,8,0.354747506213304,"Sí",138644940,15,193
2016,3,297117,100550,14,9,0.338418872026845,"Sí",141855050,15,194
2016,4,302583,103133,14,8,0.340842016901148,"Sí",144685510,15,195
2016,5,325342,104252,14,8,0.320438185048349,"Sí",137446390,14,196
2016,6,192067,58268,14,8,0.303373302024814,"Sí",82611810,15,197
2016,7,156083,53496,14,9,0.342740721282907,"Sí",62955200,15,198
2016,8,307537,101029,14,8,0.328510065455539,"Sí",124019980,15,199
2016,9,290447,95231,13,8,0.327877375218198,"Sí",124310500,15,200
2016,10,305634,96759,13,8,0.316584542295687,"Sí",128048120,14,201
2016,11,283646,94762,14,8,0.334085444532974,"Sí",127883660,15,202
2016,12,167167,54734,13,8,0.3274210819121,"Sí",78052700,14,203
2017,1,143142,49708,14,8,0.347263556468402,"Sí",73106890,15,204
2017,2,271492,89393,14,8,0.329265687386737,"Sí",109892500,15,205
2017,3,303972,100963,13,8,0.332145723948258,"Sí",131882960,14,206
2017,4,248390,91286,12,9,0.367510769354644,"Sí",111367280,14,207
2017,5,291292,101976,13,9,0.350081704955852,"Sí",132659050,14,208
2017,6,187035,68168,14,9,0.36446654369503,"Sí",83177860,15,209
2017,7,172819,68398,14,9,0.395778241975709,"Sí",74310070,15,210
2017,8,349662,122828,14,9,0.351276375471169,"Sí",163007280,15,211
2017,9,352587,124186,14,8,0.352213779861424,"Sí",164437930,15,212
2017,10,312910,107473,14,9,0.343462976574734,"Sí",162323110,15,213
2017,11,280714,99821,14,8,0.355596799589618,"Sí",117182110,15,214
2017,12,162983,58137,14,9,0.356705914113742,"Sí",76832900,15,215
2018,1,138652,53989,14,8,0.389384934945042,"Sí",65697700,15,216
2018,2,276326,97770,13,8,0.353821211178101,"Sí",160182950,15,217
2018,3,284422,97011,15,9,0.341081210314251,"Sí",103465550,16,218
2018,4,292608,112492,15,9,0.384446084864392,"Sí",136646670,16,219
2018,5,302805,107834,15,8,0.356116972969403,"Sí",146739560,16,220
2018,6,213309,66933,15,9,0.313784228513565,"Sí",106986740,16,221
2018,7,174220,62725,15,9,0.36003329124096,"Sí",84993570,16,222
2018,8,324610,111471,15,9,0.343399772034133,"Sí",164546950,16,223
2018,9,331013,113142,15,8,0.341805306740219,"Sí",171081890,16,224
2018,10,303275,99078,15,8,0.3266935949221,"Sí",159911060,16,225
2018,11,229932,76739,15,9,0.333746498964911,"Sí",120340160,16,226
2018,12,144200,46402,14,7,0.321789181692094,"Sí",73865680,15,227
2019,1,176549,61783,14,9,0.349948173028451,"Sí",105499810,16,228
2019,2,337767,111130,14,9,0.329013787610986,"Sí",179865000,16,229
2019,3,246519,78805,15,10,0.319671100401997,"Sí",128006550,16,230
2019,4,271945,89770,14,8,0.330103513578113,"Sí",150602700,16,231
2019,5,332111,108771,15,10,0.327513993815321,"Sí",174446310,16,232
2019,6,245006,78714,15,10,0.321273764724129,"Sí",128269970,16,233
2019,7,269900,93068,15,9,0.344824008892182,"Sí",138213630,16,234
2019,8,222763,73356,14,9,0.329300646875828,"Sí",126383480,16,235
2019,9,351964,114274,15,10,0.324675250877931,"Sí",186143030,16,236
2019,10,313401,101645,15,10,0.324328894930137,"Sí",170011650,16,237
2019,11,198526,71922,12,7,0.362280003626729,"Sí",138125350,16,238
2019,12,213474,69975,14,10,0.327791674864386,"Sí",111461080,16,239
2020,1,184705,64143,14,9,0.347272678054195,"Sí",95453320,16,240
2020,2,267135,82628,15,10,0.309311771201827,"Sí",139419950,16,241
2020,3,208116,70896,12,9,0.340656172519172,"Sí",127161460,15,242
2020,4,84082,32360,15,8,0.384862396232249,"Sí",44911130,16,243
2020,5,84255,31385,15,8,0.372500148359148,"Sí",44292990,16,244
2020,6,90210,13380,15,7,0.148320585300964,"Sí",48175650,16,245
2020,7,91582,12670,15,7,0.138345963180538,"Sí",50498240,16,246
2020,8,90418,14180,15,7,0.156827180428676,"Sí",50101620,16,247
2020,9,95714,33191,15,8,0.346772676933364,"Sí",53899900,16,248
2020,10,104804,36017,15,9,0.343660547307355,"Sí",58548570,16,249
2020,11,107242,36971,14,10,0.344743663863039,"Sí",66747440,15,250
2020,12,118751,37110,14,9,0.312502631556787,"Sí",64033280,14,251
2021,1,100416,33332,15,10,0.331939133205864,"Sí",65529090,16,252
2021,2,120040,37163,15,10,0.30958847050983,"Sí",77383540,15,253
2021,3,113048,36462,14,9,0.322535560116057,"Sí",72620590,16,254
2021,4,121840,16670,14,8,0.136818778726198,"Sí",76209570,15,255
2021,5,119434,38439,14,9,0.321843026273925,"Sí",78251140,15,256
2021,6,117917,39697,14,9,0.336652051866991,"Sí",77566680,15,257
2021,7,113728,41264,14,9,0.36283061339336,"Sí",75223970,15,258
2021,8,151095,52776,15,10,0.349290181673781,"Sí",99714320,16,259
2021,9,173532,58341,15,10,0.336197358412281,"Sí",117608090,16,260
2021,10,164128,58112,15,10,0.354065119906414,"Sí",111851010,16,261
2021,11,165391,60077,15,10,0.363242256229178,"Sí",111553310,16,262
2021,12,155108,54394,15,10,0.350684684220027,"Sí",97067890,16,263
2022,1,144464,52567,15,10,0.363876121386643,"Sí",104974590,16,264
2022,2,189738,63673,15,10,0.335583805036419,"Sí",129830820,16,265
2022,3,179827,64465,15,10,0.358483431297858,"Sí",125844470,16,266
2022,4,203583,71970,15,10,0.353516747469091,"Sí",143735756,16,267
2022,5,244311,89741,15,10,0.367322797581771,"Sí",178276300,16,268
2022,6,199183,73837,15,10,0.370699306667738,"Sí",145895510,16,269
2022,7,211610,80095,15,10,0.378502906289873,"Sí",164123380,16,270
2022,8,196956,68455,15,10,0.347564938361868,"Sí",149007500,16,271
2022,9,257519,91200,15,10,0.354148625926631,"Sí",187507240,16,272
2022,10,240909,85381,15,10,0.354411831853521,"Sí",183672520,16,273
2022,11,252186,88570,15,10,0.351209028256921,"Sí",200945360,16,274
2022,12,196675,72730,15,10,0.369797889919919,"Sí",147448230,16,275
2023,1,130917,55419,14,10,0.42331400811201,"Sí",111833880,16,276
2023,2,254487,83711,14,10,0.328940181620279,"Sí",196219560,16,277
2023,3,281319,92587,14,10,0.329117478734106,"Sí",224429250,16,278
2023,4,233622,77230,14,10,0.330576743628597,"Sí",184509710,16,279
2023,5,299888,97197,15,10,0.324111001440538,"Sí",232824350,16,280
2023,6,181037,61207,16,11,0.338091108447444,"Sí",158642260,17,281
2023,7,178569,57961,14,11,0.324586014369795,"Sí",141348980,17,282
2023,8,323535,113445,14,11,0.350642125272382,"Sí",255219680,17,283
2023,9,355705,114885,13,10,0.322978310678793,"Sí",277586310,18,284
2023,10,334819,103213,14,12,0.308265062615921,"Sí",265745470,18,285
2023,11,291951,97382,16,11,0.333555973433898,"Sí",240397690,17,286
2023,12,175974,59115,16,10,0.335930307886392,"Sí",159909650,17,287
2024,1,178532,65400,15,10,0.36632088365111,"Sí",159469960,17,288
2024,2,338546,102895,15,11,0.303932109668996,"Sí",301520390,17,289
2024,3,331340,103560,15,12,0.312549043278807,"Sí",299631180,16,290
2024,4,313500,105241,14,10,0.33569696969697,"Sí",302433550,17,291
2024,5,334598,104793,15,11,0.313190754278268,"Sí",299615430,17,292
2024,6,182475,57240,16,11,0.313686806411837,"Sí",179724430,17,293
2024,7,193649,73498,16,12,0.379542367892424,"Sí",177851770,17,294
2024,8,324521,108312,15,12,0.333759602614315,"Sí",304731840,17,295
2024,9,392444,117291,16,12,0.298873215031954,"Sí",365293640,18,296
2024,10,320573,111321,15,11,0.347256319153516,"Sí",303906430,18,297
2024,11,318793,101458,16,12,0.318256674393729,"Sí",302999200,18,298
2024,12,192373,67422,16,11,0.350475378561441,"Sí",186426400,18,299
2025,1,174212,70765,16,10,0.40620049135536,"Sí",165635970,18,300
2025,2,297580,95085,16,11,0.319527522010888,"Sí",285421720,18,301
2025,3,296183,92158,16,12,0.311152226832735,"Sí",279782500,18,302
2025,4,270787,83050,16,12,0.306698622902872,"Sí",265208590,18,303
2025,5,322337,96707,16,11,0.300018303824879,"Sí",327052620,18,304
2025,6,188583,29037,16,11,0.153974642465121,"Sí",195711730,18,305
2025,7,194839,28251,16,10,0.144996638250042,"Sí",198251840,18,306
2025,8,321642,96975,16,11,0.301499804130058,"Sí",313860010,18,307
2025,9,607,0,1,0,0,"Sí",1155170,2,308
