"Tiempo","Ano","Mes","Activa_Total","Reactiva_Total","Pago_Total_Sede","Cuentas_Pagadas","Cuentas_Incumplen","Sede_Incumple"
1,2001,5,110240,42720,24122100,3,2,1
2,2001,6,59080,22080,13105200,3,1,1
3,2001,7,98400,36760,22502270,3,1,1
4,2001,8,103720,38560,23771090,3,0,0
5,2001,9,125360,45600,29557680,3,0,0
6,2001,10,100560,39440,24161270,3,1,1
7,2001,11,104320,39400,23604860,3,0,0
8,2001,12,62000,19960,13783150,3,0,0
9,2002,1,27960,12240,21899840,3,0,0
10,2002,2,26520,11040,21989890,3,0,0
11,2002,3,71400,14760,16745490,3,0,0
12,2002,4,81040,34840,23963470,3,0,0
13,2002,5,90160,30600,21093360,3,0,0
14,2002,6,60120,22160,14469270,3,0,0
15,2002,7,115680,29600,27947730,3,0,0
16,2002,8,112240,34160,27591300,3,0,0
17,2002,9,119680,36560,28880980,3,0,0
18,2002,10,124120,37960,30642950,3,0,0
19,2002,11,108640,33880,27427760,3,0,0
20,2002,12,53240,20560,20181400,3,0,0
21,2003,1,61360,18120,15870080,3,0,0
22,2003,2,130080,34880,34467250,3,0,0
23,2003,3,122800,36160,33769210,3,0,0
24,2003,4,90640,26520,25060430,3,0,0
25,2003,5,65920,15800,31006280,3,0,0
26,2003,6,94440,22240,25998950,3,0,0
27,2003,8,119520,28480,33984310,3,0,0
28,2003,9,127960,34680,36783280,3,0,0
29,2003,10,126880,36760,37113730,3,0,0
30,2003,11,93560,27320,27985520,3,0,0
31,2003,12,61120,17080,18788000,3,0,0
32,2004,1,91440,23600,28065870,4,0,0
33,2004,2,105900,27560,32690170,4,0,0
34,2004,3,135280,34000,42507850,4,0,0
35,2004,4,109020,30000,34466010,4,0,0
36,2004,5,127980,34360,41138710,4,0,0
37,2004,6,92580,23040,30234850,4,0,0
38,2004,7,101340,26920,33780100,4,0,0
39,2004,8,109980,30440,37092470,4,0,0
40,2004,9,127240,38080,43549260,4,0,0
41,2004,10,134900,41240,47054860,4,0,0
42,2004,11,119960,38160,41979280,4,0,0
43,2004,12,78100,24600,27280760,4,0,0
44,2005,1,64560,17680,22037230,4,0,0
45,2005,2,112240,31800,38091270,4,0,0
46,2005,3,123000,31640,42246850,4,0,0
47,2005,4,139140,33960,47968880,4,0,0
48,2005,5,113540,31560,39251960,4,0,0
49,2005,6,113660,35160,39338000,4,0,0
50,2005,7,86120,21720,29887360,4,0,0
51,2005,8,130080,37760,44368320,4,0,0
52,2005,9,150620,41280,51038490,4,0,0
53,2005,10,116000,35600,39307100,4,0,0
54,2005,11,124620,38120,42091460,4,0,0
55,2005,12,83980,23840,28586700,4,0,0
56,2006,1,79140,24160,26524127,4,0,0
57,2006,2,114680,32600,38777800,4,0,0
58,2006,3,136920,39440,46742740,4,0,0
59,2006,4,97600,29800,33250930,4,0,0
60,2006,5,130940,37480,45790860,4,0,0
61,2006,6,99640,31960,35022420,4,0,0
62,2006,7,86240,27280,30868820,4,0,0
63,2006,8,129040,35600,46181450,4,0,0
64,2006,9,135640,38160,48362720,4,0,0
65,2006,10,127700,36960,45288010,4,0,0
66,2006,11,96060,34160,33777000,4,0,0
67,2006,12,77980,19320,27361990,4,0,0
68,2007,1,72600,17840,25448220,3,0,0
69,2007,2,120260,33120,42835122,4,0,0
70,2007,3,128600,34000,161970773,3,0,0
71,2007,4,94440,27040,74040,2,0,0
72,2007,5,93200,26000,116030,1,0,0
73,2007,6,100040,29560,99870,1,0,0
74,2007,7,93900,25520,9108700,2,0,0
75,2007,8,126340,36320,28980940,4,0,0
76,2007,9,136680,37720,42465900,4,0,0
77,2007,10,126360,36560,39533090,3,0,0
78,2007,11,123360,37640,38594520,3,0,0
79,2007,12,65000,19560,20293730,3,0,0
80,2008,1,107080,32320,33445430,4,0,0
81,2008,2,71880,19880,22962870,4,1,1
82,2008,3,87760,28720,28689140,4,0,0
83,2008,4,115440,32880,37830050,4,0,0
84,2008,5,110600,30960,38401560,4,0,0
85,2008,6,107700,31760,38187150,4,0,0
86,2008,7,85760,25280,30131590,4,0,0
87,2008,8,125480,34120,44890520,4,0,0
88,2008,9,136300,37800,48690980,4,0,0
89,2008,10,127640,39600,46152180,4,0,0
90,2008,11,113680,36920,41104510,4,0,0
91,2008,12,64040,21080,23944600,3,0,0
92,2009,1,54680,18320,20603640,3,0,0
93,2009,2,92920,20720,35213460,4,0,0
94,2009,3,125180,42840,47703160,4,0,0
95,2009,4,83100,23520,31536460,4,0,0
96,2009,5,134040,36840,51563370,3,0,0
97,2009,6,94840,23920,36666360,4,0,0
98,2009,7,85920,19280,33209480,4,0,0
99,2009,8,106320,22200,41516680,4,0,0
100,2009,9,160660,29240,63361990,4,0,0
101,2009,10,133220,25960,52473460,4,0,0
102,2009,11,122820,21000,49435730,4,0,0
103,2009,12,92180,18360,37806930,4,0,0
104,2010,1,58420,10880,23837860,4,0,0
105,2010,2,149720,23720,62555420,4,0,0
106,2010,3,122580,25200,48612880,4,0,0
107,2010,4,137360,31360,52838980,4,0,0
108,2010,5,128120,29480,47090570,4,0,0
109,2010,6,54320,15240,27452210,4,0,0
110,2010,7,87440,19512,31018560,4,0,0
111,2010,8,101720,28440,36138940,4,1,1
112,2010,9,149700,33160,53682660,4,0,0
113,2010,10,135460,33680,49061660,4,0,0
114,2010,11,130500,31320,46569450,4,0,0
115,2010,12,86860,22480,31041580,4,0,0
116,2011,1,75740,19360,26121470,4,0,0
117,2011,2,132600,30320,48046600,4,0,0
118,2011,3,142880,29440,52352720,4,0,0
119,2011,4,119900,24000,44317730,4,0,0
120,2011,5,142980,27560,53377060,4,0,0
121,2011,6,87480,22080,38729730,4,0,0
122,2011,7,87100,22400,33143400,4,0,0
123,2011,8,163300,34560,62810150,4,0,0
124,2011,9,188700,41240,73668180,4,0,0
125,2011,10,120240,27200,47645830,4,0,0
126,2011,11,99680,23640,40421720,4,0,0
127,2011,12,94800,23480,40120300,4,0,0
128,2012,1,98200,21760,41488900,4,0,0
129,2012,2,124020,12240,49227890,4,0,0
130,2012,3,149260,6880,72795600,4,0,0
131,2012,4,130840,6080,51997150,4,0,0
132,2012,5,160040,6880,62145800,3,0,0
133,2012,6,126780,5120,50229210,3,0,0
134,2012,7,97460,4960,39261440,3,0,0
135,2012,8,133200,6240,53849700,3,0,0
136,2012,9,171880,8000,63152120,3,0,0
137,2012,10,146960,6720,50874250,3,0,0
138,2012,11,36040,7200,49429550,3,0,0
139,2012,12,22660,4640,41679370,3,0,0
140,2013,1,80560,4480,28179950,3,0,0
141,2013,2,115980,5440,40658540,3,0,0
142,2013,3,143620,9960,51147870,4,0,0
143,2013,4,207960,15240,72521500,4,0,0
144,2013,5,167180,12880,60521110,4,0,0
145,2013,6,131940,11160,50608730,4,0,0
146,2013,7,42360,8760,16705340,4,0,0
147,2013,8,63844,12240,23366970,4,0,0
148,2013,9,193048,13440,61910910,4,0,0
149,2013,10,210215,31816,68506290,4,0,0
150,2013,11,183412,76239,111695490,4,1,1
151,2013,12,126369,53767,49445586,4,1,1
152,2014,1,102434,43417,31270124,4,1,1
153,2014,2,173397,70703,53776980,4,1,1
154,2014,3,194094,82634,60583450,4,1,1
155,2014,4,126055,45956,43766830,4,1,1
156,2014,5,194896,81226,63138420,4,1,1
157,2014,6,140300,57864,49857330,4,1,1
158,2014,7,120042,50940,40643200,4,1,1
159,2014,8,175041,71458,59442800,4,1,1
160,2014,9,234916,94992,77944820,4,1,1
161,2014,10,235554,94502,78979350,4,1,1
162,2014,11,193554,80087,63737990,4,1,1
163,2014,12,124447,52952,41905750,4,1,1
164,2015,1,84118,37430,28806470,4,1,1
165,2015,2,187417,76012,65722180,4,1,1
166,2015,3,210824,84528,75433100,4,1,1
167,2015,4,213562,85162,77239990,4,1,1
168,2015,5,211431,87213,75720540,4,1,1
169,2015,6,131997,54143,48095890,4,1,1
170,2015,7,125010,52489,44743000,4,1,1
171,2015,8,190017,75167,69771420,4,1,1
172,2015,9,263999,104136,98830140,4,1,1
173,2015,10,240954,96434,93343110,4,1,1
174,2015,11,203443,82014,76534810,4,1,1
175,2015,12,114228,48268,44908020,4,1,1
176,2016,1,100286,43794,46328840,4,1,1
177,2016,2,216756,87059,101764350,4,1,1
178,2016,3,194300,79360,92798390,4,1,1
179,2016,4,215720,85687,101070540,4,1,1
180,2016,5,226215,86816,97734800,4,1,1
181,2016,6,123852,51366,52457200,4,1,1
182,2016,7,100220,42406,42503530,4,1,1
183,2016,8,206282,79140,87980640,4,1,1
184,2016,9,193675,77668,83630860,4,1,1
185,2016,10,203233,76988,86549780,4,1,1
186,2016,11,199865,79482,90481220,4,1,1
187,2016,12,99064,40689,47416690,4,1,1
188,2017,1,88360,37865,39458650,4,1,1
189,2017,2,187462,73788,80919700,4,1,1
190,2017,3,220952,85179,94338660,4,1,1
191,2017,4,162099,67788,73581970,4,1,1
192,2017,5,211015,82481,95892890,4,1,1
193,2017,6,116243,47837,52189550,4,1,1
194,2017,7,105152,46025,47525810,4,1,1
195,2017,8,241000,92544,116512900,4,1,1
196,2017,9,238229,95706,113871860,4,1,1
197,2017,10,222588,85067,106877930,4,1,1
198,2017,11,188962,77811,91278640,4,1,1
199,2017,12,92548,37985,46806970,4,1,1
200,2018,1,88766,39569,44840940,4,1,1
201,2018,2,190074,77046,121139720,4,1,1
202,2018,3,193607,76902,59466260,4,1,1
203,2018,4,197548,79011,97123240,4,1,1
204,2018,5,213224,86264,103378100,4,1,1
205,2018,6,130947,45282,62083670,4,1,1
206,2018,7,107564,46234,52493210,4,1,1
207,2018,8,222533,89412,112329190,4,1,1
208,2018,9,225217,92469,115588960,4,1,1
209,2018,10,206148,81694,106833360,4,1,1
210,2018,11,140293,61023,73202220,4,1,1
211,2018,12,92983,39512,48620510,4,1,1
212,2019,1,129817,55794,67195910,4,1,1
213,2019,2,211882,84544,107341580,4,1,1
214,2019,3,165383,66737,83256990,4,1,1
215,2019,4,188283,74900,102197020,4,1,1
216,2019,5,226184,91176,117222590,4,1,1
217,2019,6,162504,63653,83701960,4,1,1
218,2019,7,185371,76648,94978450,4,1,1
219,2019,8,153622,60695,80818470,4,1,1
220,2019,9,230971,91212,122246320,4,1,1
221,2019,10,214862,83873,114211750,4,1,1
222,2019,11,109798,55018,89641630,4,1,1
223,2019,12,135332,54303,70246840,4,1,1
224,2020,1,119674,50962,59925340,4,1,1
225,2020,2,172785,67872,88734900,4,1,1
226,2020,3,151016,58915,80293460,4,1,1
227,2020,4,41459,20090,21545630,4,2,1
228,2020,5,42276,20415,21596890,4,2,1
229,2020,6,42605,2720,22115530,4,0,0
230,2020,7,48048,2360,26243010,4,0,0
231,2020,8,46832,2160,25663350,4,0,0
232,2020,9,51423,22161,28685590,4,1,1
233,2020,10,53889,24227,30106070,4,2,1
234,2020,11,56122,24340,33904660,3,1,1
235,2020,12,57340,24330,30826940,3,1,1
236,2021,1,46252,20992,30037750,4,2,1
237,2021,2,56912,24393,36512620,4,2,1
238,2021,3,56484,24192,33381390,4,1,1
239,2021,4,61458,2840,37943460,3,0,0
240,2021,5,57713,25249,36977950,3,1,1
241,2021,6,53400,24617,35457270,3,1,1
242,2021,7,58607,27934,37879500,3,1,1
243,2021,8,81266,36786,53325460,4,1,1
244,2021,9,1e+05,43061,64528310,4,1,1
245,2021,10,91931,43922,63694320,4,2,1
246,2021,11,95626,44517,63381110,4,1,1
247,2021,12,85922,38854,54262710,4,1,1
248,2022,1,80400,38617,55436750,4,1,1
249,2022,2,112482,49213,75027710,4,2,1
250,2022,3,110613,51705,75906090,4,2,1
251,2022,4,130694,57910,91219990,4,2,1
252,2022,5,166484,75621,120276680,4,2,1
253,2022,6,127576,59657,90772500,4,2,1
254,2022,7,138596,65195,109371080,4,2,1
255,2022,8,115531,52475,87770610,4,2,1
256,2022,9,169492,74610,118969400,4,2,1
257,2022,10,156218,69741,119903530,4,2,1
258,2022,11,165295,72970,125519210,4,2,1
259,2022,12,120687,58650,92448480,4,2,1
260,2023,1,78477,45779,60399690,4,2,1
261,2023,2,167300,70281,124463790,4,2,1
262,2023,3,190013,77657,147852110,4,2,1
263,2023,4,148733,63580,111832450,4,2,1
264,2023,5,200776,80867,148893530,4,2,1
265,2023,6,106381,48537,94826660,5,3,1
266,2023,7,104056,44242,78414170,5,2,1
267,2023,8,218000,95835,165971030,5,3,1
268,2023,9,243031,96555,180273780,5,2,1
269,2023,10,215414,83602,162465090,5,3,1
270,2023,11,194204,79922,152873030,5,2,1
271,2023,12,99472,45445,85987380,5,2,1
272,2024,1,109390,52100,91531040,5,2,1
273,2024,2,233388,86454,197118910,5,1,1
274,2024,3,220054,82979,191316520,5,1,1
275,2024,4,204438,83951,193346870,5,1,1
276,2024,5,228429,84263,191001030,5,1,1
277,2024,6,101736,40030,97359790,5,1,1
278,2024,7,109574,50477,94625120,5,2,1
279,2024,8,213600,82731,188295330,5,1,1
280,2024,9,263447,95610,231113130,5,1,1
281,2024,10,202411,79601,185771170,5,1,1
282,2024,11,213016,75137,192839260,5,1,1
283,2024,12,105390,44019,101166370,5,1,1
284,2025,1,101875,48745,91274930,5,1,1
285,2025,2,194894,73035,179033400,5,1,1
286,2025,3,199330,72690,182594720,5,1,1
287,2025,4,175018,63907,165926950,5,1,1
288,2025,5,213592,72567,212927520,5,1,1
289,2025,6,107926,7667,107041640,5,0,0
290,2025,7,117652,6321,113648420,5,0,0
291,2025,8,215460,73325,203804990,5,1,1
